adult,backdrop_path,genre_ids,id,origin_country,original_language,original_name,overview,popularity,poster_path,first_air_date,softcore,name,vote_average,vote_count
False,/m7eiSGHFzr584zFmetGqkqaU6BN.jpg,"[9648, 18, 10765]",124364,['US'],en,FROM,"Unravel the mystery of a nightmarish town in middle America that traps all those who enter. As the unwilling residents fight to keep a sense of normalcy and search for a way out, they must also survive the threats of the surrounding forest – including the terrifying creatures that come out when the sun goes down.",706.0003,/pRtJagIxpfODzzb0T0NAvZSzErC.jpg,2022-02-20,False,FROM,8.494,3796
False,/h37hqVLmCW00ImewLAHT1DadOky.jpg,"[10765, 18, 10759]",94997,['US'],en,House of the Dragon,"The Targaryen dynasty is at the absolute apex of its power, with more than 15 dragons under their yoke. Most empires crumble from such heights. In the case of the Targaryens, their slow fall begins when King Viserys breaks with a century of tradition by naming his daughter Rhaenyra heir to the Iron Throne. But when Viserys later fathers a son, the court is shocked when Rhaenyra retains her status as his heir, and seeds of division sow friction across the realm.",480.817,/7V0Ebks0GgpKvQ7QbLAIdX5dos4.jpg,2022-08-21,False,House of the Dragon,8.341,6311
False,/hAuYDYBgLJ1qIPoAOM7yOD56uCp.jpg,"[80, 18]",284631,['IN'],hi,राख,"When two teenagers vanish, a close-knit family is shattered and the city is left on edge. Determined to uncover the truth, a relentless officer leads a nationwide manhunt that pulls him deep into a world of violence and human depravity.",352.5378,/5MbNy94ia4ZLf8OGtSfSjjlxxWN.jpg,2026-06-12,False,Raakh,9.2,5
False,/obtdxPgmfykYwVnvuYXC5f2xKlQ.jpg,"[80, 18, 9648]",2734,['US'],en,Law & Order: Special Victims Unit,"In the criminal justice system, sexually-based offenses are considered especially heinous. In New York City, the dedicated detectives who investigate these vicious felonies are members of an elite squad known as the Special Victims Unit. These are their stories.",274.4824,/iofokHZoUB4Qhik4PflvJl8TT6a.jpg,1999-09-20,False,Law & Order: Special Victims Unit,7.95,4257
False,/52sp0vPhLOWrZ1QoZIWiapronM.jpg,[18],273240,['US'],en,Off Campus,"Hannah Wells tutors hockey captain Garrett Graham to win over her crush. Their deal becomes real connection as they face their pasts. Friends Logan, Dean, Tucker, and Allie navigate college life and love.",305.824,/cbODFqkcmRgrYH8NkG4Q4Hcg8Z1.jpg,2026-05-13,False,Off Campus,9.0,561
False,/5AYXcPhbtPe6i1MPnutPhCV6qNd.jpg,"[16, 35]",276880,['JP'],ja,履いてください、鷹峰さん,"Student council president Takane Takamine is a popular star student. On the other hand, Koushi Shirota doesn't have many friends. That all changes when Koushi accidentally discovers Takane's ability to go back in time and alter past actions just by changing her lingerie. After some pestering, Koushi agrees to help Takane and be her closet, by having spare lingerie on hand.",550.9895,/aN4X9QSECSfh5p8S3HtTiWRKJla.jpg,2025-04-02,False,"Please Put Them On, Takamine-san",7.5,163
False,/oBJ6dZ6A1tY1O94RmWnJkkQVbLz.jpg,"[9648, 18]",286360,['KR'],ko,맨 끝줄 소년,"A literature professor discovers a student's talent and offers him writing lessons — but as he sinks into the story, their sessions spiral into chaos.",273.5284,/paRFCxAJRZOypfgnzYLo6KH5jjO.jpg,2026-06-26,False,Notes from the Last Row,9.2,9
False,/tc7canPSAn2X14hYi6Rl3gZm1o4.jpg,"[80, 18]",549,['US'],en,Law & Order,"In cases ripped from the headlines, police investigate serious and often deadly crimes, weighing the evidence and questioning the suspects until someone is taken into custody. The district attorney's office then builds a case to convict the perpetrator by proving the person guilty beyond a reasonable doubt. Working together, these expert teams navigate all sides of the complex criminal justice system to make New York a safer place.",206.7013,/haJ9eHytVO3H3JooMJG1DiWwDNm.jpg,1990-09-13,False,Law & Order,7.298,693
False,/6iNWfGVCEfASDdlNb05TP5nG0ll.jpg,"[80, 18, 35]",79744,['US'],en,The Rookie,"Starting over isn't easy, especially for small-town guy John Nolan who, after a life-altering incident, is pursuing his dream of being an LAPD officer. As the force's oldest rookie, he's met with skepticism from some higher-ups who see him as just a walking midlife crisis.",235.0033,/70kTz0OmjjZe7zHvIDrq2iKW7PJ.jpg,2018-10-16,False,The Rookie,8.55,3336
False,/k2RvAGp7b9Yh2py7NC6ZFZ9N5gR.jpg,"[35, 18]",290138,['IN'],hi,ग्राम चिकित्सालय,"The young, idealistic and brilliant Dr. Prabhat, takes charge of a neglected Primary Health Centre in a North India Village hoping to bring about much needed changes only to realise it is he who will have do change before anything else.",250.8248,/peRHZYhvuA6MLTJkpf5nIjgsWx5.jpg,2025-05-09,False,Gram Chikitsalay,6.4,11
False,/n6vVs6z8obNbExdD3QHTr4Utu1Z.jpg,"[10765, 10759]",76479,['US'],en,The Boys,A group of vigilantes known informally as “The Boys” set out to take down corrupt superheroes with no more than blue-collar grit and a willingness to fight dirty.,218.8613,/in1R2dDc421JxsoRWaIIAqVI2KE.jpg,2019-07-25,False,The Boys,8.4,12991
False,/wh5agdl3b7fqC7mSjsCkHx4fMAs.jpg,"[37, 18]",299167,['US'],en,Dutton Ranch,"Rip Wheeler and Beth Dutton gamble everything on a new life in South Texas, but the promise of building a future far from the ghosts of Yellowstone quickly collides with brutal new realities and a rival ranch that will stop at nothing to protect its empire.",230.7462,/xsiecCxd8lkcAluw0wWwbW5CwSv.jpg,2026-05-15,False,Dutton Ranch,9.28,314
False,/575sxZXNNulSlIz7DvtWH5r4lkC.jpg,"[10765, 10759, 16, 35, 18]",45952,['JP'],ja,HUNTER×HUNTER,"Gon Freecss discovers that the father he had always been told was dead was actually alive the whole time. Ging is a famous Hunter: an individual who has proven themself an elite member of humanity. Gon becomes determined to follow in his father's footsteps, pass the rigorous Hunter Examination.",224.4548,/eobAuhCJA8oRp814V67WhezVXtQ.jpg,1999-10-16,False,Hunter x Hunter,8.442,214
False,/2OMB0ynKlyIenMJWI2Dy9IWT4c.jpg,"[10765, 18, 10759]",1399,['US'],en,Game of Thrones,"Seven noble families fight for control of the mythical land of Westeros. Friction between the houses leads to full-scale war. All while a very ancient evil awakens in the farthest north. Amidst the war, a neglected military order of misfits, the Night's Watch, is all that stands between the realms of men and icy horrors beyond.",208.6307,/1XS1oqL89opfnbLl8WnZY1O1uJx.jpg,2011-04-17,False,Game of Thrones,8.463,27111
False,/bM4nCynOSA5oCNqLsqb1Fo56sZQ.jpg,[16],241002,['JP'],ja,悶えてよ、アダムくん,"This is the story of a boy, who became the lone Adam among four billion Eves. In a world where a pandemic has rendered all men impotent, high school student Itsuki is the exception who escaped it. In order to protect this secret, he transfers to a very special high school, which turns out to be composed of 90% girls! There, he encounters an upbeat and friendly senior, a sexually frustrated female teacher, a tomboyish school 'prince,' and an heiress from a wealthy family. For Itsuki, who has his pick of any woman in the world, the question remains: which one will he choose?",240.9672,/1n1ZP0KHXUSvVxZG63x7aOzmO4M.jpg,2024-01-08,False,Adam's Sweet Agony,6.8,35
False,/ro0tlgnsco4SwbdAgmscLkSlMSL.jpg,"[18, 9648, 10765]",1622,['US'],en,Supernatural,"When they were boys, Sam and Dean Winchester lost their mother to a mysterious and demonic supernatural force. Subsequently, their father raised them to be soldiers. He taught them about the paranormal evil that lives in the dark corners and on the back roads of America ... and he taught them how to kill it. Now, the Winchester brothers crisscross the country in their '67 Chevy Impala, battling every kind of supernatural threat they encounter along the way. ",205.2383,/8iixmfGx5EIFPdpNvB2JvI3VIqX.jpg,2005-09-13,False,Supernatural,8.311,8493
False,/jP0Rhj9OTPDAwQlHQwOLFDdeE8t.jpg,[18],1416,['US'],en,Grey's Anatomy,Follows the personal and professional lives of a group of doctors at Seattle's Grey Sloan Memorial Hospital.,201.0819,/hjJkrLXhWvGHpLeLBDFznpBTY1S.jpg,2005-03-27,False,Grey's Anatomy,8.21,10944
False,/cA2K3clHcQBtRVbmYX7c6Outst9.jpg,"[18, 35]",107447,['RU'],ru,Клиника счастья,"Alyona Lipnitskaya, at the head of a team of doctors, helps patients to establish a personal life using the author's technique and demonstrates by her example the effectiveness of the chosen lifestyle — Alyona turns 50, but others do not give her more than 35. Her clinic is visited by people whose health problems and relationships with loved ones are rooted in sexual disharmony. However, problems appear in the life of a happy and successful doctor of sciences — the puzzle of a happy life collapses in an instant. Alyona will have to fight for the clinic, sort out her personal life and find a new formula for happiness.",156.0056,/9cSh9CuYeRcNMnJiWtBhwOoUghR.jpg,2021-05-19,False,Wanna Be Happy?,7.2,8
False,/xUB3xFMgsHgPmdWnUWkHTJ03vHa.jpg,"[10759, 10765, 18, 10751]",82452,['US'],en,Avatar: The Last Airbender,A young boy known as the Avatar must master the four elemental powers to save a world at war — and fight a ruthless enemy bent on stopping him.,229.1439,/lzZpWEaqzP0qVA5nkCc5ASbNcSy.jpg,2024-02-22,False,Avatar: The Last Airbender,7.79,1145
False,/nn3SuLTO4hum8yAxaY4ql8h6kRk.jpg,"[80, 18, 10759]",4614,['US'],en,NCIS,"From murder and espionage to terrorism and stolen submarines, a team of special agents investigates any crime that has any connection to Navy and Marine Corps personnel, regardless of rank or position.",184.8716,/mBcu8d6x6zB1el3MPNl7cZQEQ31.jpg,2003-09-23,False,NCIS,7.618,2524
False,/q3pCsNvJ7CmdJUz2sJEEUY3pOPC.jpg,"[80, 18, 9648]",5920,['US'],en,The Mentalist,"Patrick Jane, a former celebrity psychic medium, uses his razor sharp skills of observation and expertise at ""reading"" people to solve serious crimes with the California Bureau of Investigation.",194.406,/acYXu4KaDj1NIkMgObnhe4C4a0T.jpg,2008-09-23,False,The Mentalist,8.356,4364
False,/80vo7eYhAXPJltu32lG5JGrGPzG.jpg,[18],288603,['CN'],zh,炽夏,"To save her gravely ill grandmother, top student Zhou Wan approaches her mother's stepson, Lu Xixiao, for funds. They fall for each other over the summer after graduation but are torn apart by misunderstandings in reality. Ten years later, they reunite at work. Though Lu Xixiao harbors resentment, his love for Zhou Wan remains. As they uncover the truth behind a ""factory accident,"" they resolve their differences and reunite.",191.1972,/51x3GY7o07PqLgCN0UIJVHHzgCO.jpg,2026-06-16,False,Never-Ending Summer,9.0,2
False,/jIArNHIekrCSVgdMbKPAXpPY03Y.jpg,"[10751, 16, 35]",456,['US'],en,The Simpsons,"Set in Springfield, the average American town, the show focuses on the antics and everyday adventures of the Simpson family; Homer, Marge, Bart, Lisa and Maggie, as well as a virtual cast of thousands. Since the beginning, the series has been a pop culture icon, attracting hundreds of celebrities to guest star. The show has also made name for itself in its fearless satirical take on politics, media and American life in general.",169.2888,/uWpG7GqfKGQqX4YMAo3nv5OrglV.jpg,1989-12-17,False,The Simpsons,8.0,10839
False,/tUtXfyVy54BY7eJnRtI8Xnmr1ZL.jpg,"[80, 18, 9648]",4057,['US'],en,Criminal Minds,"An elite team of FBI profilers analyze the country's most twisted criminal minds, anticipating their next moves before they strike again. The Behavioral Analysis Unit's most experienced agent is David Rossi, a founding member of the BAU who returns to help the team solve new cases.",173.919,/hWSb4UnIjlTvnvrP98NbFSO60HA.jpg,2005-09-22,False,Criminal Minds,8.302,4102
False,/z0R6ToCsMMkLwuQXjzzdd1QCdJv.jpg,"[18, 9648, 80]",278178,['US'],en,I Will Find You,"Wrongfully imprisoned for murdering his own son, a father sets out on a desperate rescue mission after learning the boy may still be alive.",179.0183,/pb9oYHHNzauiCQZT03MpDAg46GI.jpg,2026-06-18,False,I Will Find You,8.229,140
False,/lH22EnM0ofC7GsVGU8dAA2RXV1c.jpg,"[10759, 16, 10762]",65334,['FR'],fr,"Miraculous, les aventures de Ladybug et Chat Noir","Marinette and Adrien, two Parisian teenagers, are entrusted with powerful jewels in order to transform into superheroes Ladybug and Cat Noir. But neither hero knows the other's true identity — or that they're classmates!",165.0609,/acrtAy8gmxcsEvrDP09MpMSCeDZ.jpg,2015-10-19,False,Miraculous: Tales of Ladybug & Cat Noir,8.059,4607
False,/4NRBKA8qVzCvuD3WeLieiLGmIjm.jpg,[16],95897,['JP'],ja,おーばーふろぉ,"Kazushi Sudou is a university student who is visited by his two childhood friends, the sisters Ayane and Kotone Shirakawa. When Ayane discovers that Kazushi not only forgot to buy her pudding but is also using her special lotion in the bath, she decides to take revenge and join Kazushi in his bath along with Kotone. Will the perverted Kazushi be able to remain indifferent to them both?",180.4827,/8RtwL5gxUvh9YViqjhNlVRvJpum.jpg,2020-01-06,False,Overflow,7.3,88
False,/l7wShoIdIUwaDIbsHno9pO5MZXT.jpg,"[16, 35]",1434,['US'],en,Family Guy,"Sick, twisted, politically incorrect and Freakin' Sweet animated series featuring the adventures of the dysfunctional Griffin family. Bumbling Peter and long-suffering Lois have three kids. Stewie (a brilliant but sadistic baby bent on killing his mother and taking over the world), Meg (the oldest, and is the most unpopular girl in town) and Chris (the middle kid, he's not very bright but has a passion for movies). The final member of the family is Brian - a talking dog and much more than a pet, he keeps Stewie in check whilst sipping Martinis and sorting through his own life issues.",158.7812,/3PFsEuAiyLkWsP4GG6dIV37Q6gu.jpg,1999-01-31,False,Family Guy,7.406,4989
False,/aSye04zKzWtUP3U6Cl4bOXc5Ih9.jpg,"[80, 18]",1911,['US'],en,Bones,"Dr. Temperance Brennan and her colleagues at the Jeffersonian's Medico-Legal Lab assist Special Agent Seeley Booth with murder investigations when the remains are so badly decomposed, burned or destroyed that the standard identification methods are useless.",150.0571,/eyTu5c8LniVciRZIOSHTvvkkgJa.jpg,2005-09-13,False,Bones,8.187,3512
False,/q4Z7mSe0uFRSg7NaZy3tVWa5eAx.jpg,[],322649,['HK'],cn,CHILL CLUB 推介,,187.2457,/3n0cY8IQTtFf8JSGpVrYbfcR0Wa.jpg,2020-05-25,False,CHILL CLUB 推介,0.0,0
False,/cvlLBcQWpO9X21jDHhgPJnE2aVq.jpg,"[80, 18, 9648]",1431,['US'],en,CSI: Crime Scene Investigation,"A Las Vegas team of forensic investigators are trained to solve criminal cases by scouring the crime scene, collecting irrefutable evidence and finding the missing pieces that solve the mystery.",141.3187,/i5hmoRjHNWady4AtAGICTUXknKH.jpg,2000-10-06,False,CSI: Crime Scene Investigation,7.6,1393
False,/vyG93jhmPL7tBIhRtCLa5mdBKob.jpg,"[10759, 18, 35]",276161,['KR'],ko,참교육,An inspector from the Educational Rights Protection Bureau (ERPB) who is authorized by the government to use physical intervention and unconventional methods to discipline delinquent students and reform the educational system.,157.7108,/fMECSPrTmRClSViMsXFYmiYIcWP.jpg,2026-06-05,False,Teach You a Lesson,9.482,510
False,/5BDNWWHweQL0q1fmTv7gmRXfnl4.jpg,"[16, 35, 10765, 10759]",60625,['US'],en,Rick and Morty,Follows a sociopathic genius scientist who drags his inherently timid grandson on adventures across the universe.,150.8204,/owhkU6KRqdXoUQpjV8uyZGPtX58.jpg,2013-12-02,False,Rick and Morty,8.678,11021
False,/imHww4NFqZd0viitCOFQ2pjNFrz.jpg,"[16, 35, 18]",232393,['JP'],ja,6 LOVERS,"The July issue of Dear+ announced anime adaptions of a series of manga serialized in the magazine in celebration of the magazine's 20th anniversary. Six anime series are collected into an ""in motion"" series titled ""6 Lovers.""",165.1911,/6QCUTINWv4rxmWs6EGYDjqawU8c.jpg,2021-02-27,False,6 Lovers,8.3,3
False,/2eIlCirgcvEwmCSYh2wDfz5Sxvz.jpg,"[18, 80, 9648]",46952,['US'],en,The Blacklist,"Raymond ""Red"" Reddington, one of the FBI's most wanted fugitives, surrenders in person at FBI Headquarters in Washington, D.C. He claims that he and the FBI have the same interests: bringing down dangerous criminals and terrorists. In the last two decades, he's made a list of criminals and terrorists that matter the most but the FBI cannot find because it does not know they exist. Reddington calls this ""The Blacklist"". Reddington will co-operate, but insists that he will speak only to Elizabeth Keen, a rookie FBI profiler.",142.5658,/4HTfd1PhgFUenJxVuBDNdLmdr0c.jpg,2013-09-23,False,The Blacklist,7.6,3603
False,/ehvo7achvrJOBHZfL1aWtPbuuuD.jpg,"[16, 35]",218613,['JP'],ja,てんぷる,"""I know! I'll become a monk!"" Akagami Akemitsu has spent his days and nights absorbed in studying and part-time work in an effort to distance himself from his family, which is notorious as a household of philanderers. One day, he falls in love at first sight with a girl named Aoba Yuzuki, and suddenly he's constantly drowning in worldly desires. Hoping to fight back against his genes and live a more stoic life, he enters a temple... only to find out that it's a convent filled with gorgeous girls! So begins a new rom-com about the temple life of three adorable triplets and two beautiful freeloaders!",153.364,/3zGVf8svzcsFD4MyWpPfUcXYRVK.jpg,2023-07-09,False,TenPuru,6.0,25
False,/qVmgq1KXBp6BF2EqYPPaUG9iUGy.jpg,"[80, 18, 9648]",764,['GB'],en,Midsomer Murders,"The peacefulness of the Midsomer community is shattered by violent crimes, suspects are placed under suspicion, and it is up to a veteran DCI and his young sergeant to calmly and diligently eliminate the innocent and ruthlessly pursue the guilty. ",135.4548,/pz7tsWxe0TTdfJnWPjZAEnrSl5M.jpg,1997-03-23,False,Midsomer Murders,7.489,357
False,/lthkKBLe1rX6iThgVFg22O02sJw.jpg,"[16, 10759, 10765]",95479,['JP'],ja,呪術廻戦,"Yuji Itadori is a boy with tremendous physical strength, though he lives a completely ordinary high school life. One day, to save a classmate who has been attacked by curses, he eats the finger of Ryomen Sukuna, taking the curse into his own soul. From then on, he shares one body with Ryomen Sukuna. Guided by the most powerful of sorcerers, Satoru Gojo, Itadori is admitted to Tokyo Jujutsu High School, an organization that fights the curses... and thus begins the heroic tale of a boy who became a curse to exorcise a curse, a life from which he could never turn back.",117.4898,/fHpKWq9ayzSk8nSwqRuaAUemRKh.jpg,2020-10-03,False,JUJUTSU KAISEN,8.577,4500
False,/ynSOcgDLZfdLCZfRSYZGiTgYJVo.jpg,"[37, 18]",73586,['US'],en,Yellowstone,"Follow the violent world of the Dutton family, who controls the largest contiguous ranch in the United States. Led by their patriarch John Dutton, the family defends their property against constant attack by land developers, an Indian reservation, and America’s first National Park.",139.6296,/vOYfRZ0NpUK5hG2CB2dJFnYJlGe.jpg,2018-06-20,False,Yellowstone,8.269,3186
False,/g1LJLlmWP74zv9yXKEXm7g9p10O.jpg,"[10759, 80, 18]",296206,['KR'],ko,김부장,"When an unassuming dad's daughter goes missing, he dusts off his old black-ops skills to track her down — only to attract the wrong kind of attention.",141.6691,/mxa7YxVln3Rwnd2Va82PoclTznj.jpg,2026-06-26,False,Agent Kim Reactivated,8.625,8
False,/pptMFFYI3Rs15I8HovmJTrnTM8L.jpg,[],4304,['US'],en,Xplay,"Xplay (previously GameSpot TV and Extended Play) is a TV program about video games. The program, known for its reviews and comedy skits, airs on G4 in the United States and had aired on G4 Canada in Canada (and briefly on YTV during its time as GameSpot TV), FUEL TV in Australia, Ego in Israel, GXT in Italy, MTV Russia & Rambler TV in Russia, Solar Sports in the Philippines and Adult Swim and MuchMusic in Latin America. The show ran between July 4, 1998, and January 23, 2013, and returned in November 2021 as a part of G4's relaunch.",197.373,/7ynD7g4U9hOODu1Jzf6VN4zQc6a.jpg,2003-04-28,False,Xplay,8.0,3
False,/tsRy63Mu5cu8etL1X7ZLyf7UP1M.jpg,"[18, 80]",1396,['US'],en,Breaking Bad,"Walter White, a New Mexico chemistry teacher, is diagnosed with Stage III cancer and given a prognosis of only two years left to live. He becomes filled with a sense of fearlessness and an unrelenting desire to secure his family's financial future at any cost as he enters the dangerous world of drugs and crime.",144.1787,/ztkUQFLlC19CCMYHW9o1zWhJRNq.jpg,2008-01-20,False,Breaking Bad,8.947,17999
False,/r0Q6eeN9L1ORL9QsV0Sg8ZV3vnv.jpg,[18],1408,['US'],en,House,"Dr. Gregory House, a drug-addicted, unconventional, misanthropic medical genius, leads a team of diagnosticians at the fictional Princeton–Plainsboro Teaching Hospital in New Jersey.",137.7691,/3Cz7ySOQJmqiuTdrc6CY0r65yDI.jpg,2004-11-16,False,House,8.6,7648
False,/5s9XHTB9SLPdg3mNU6BlSLnZ9Qq.jpg,"[18, 35]",34307,['US'],en,Shameless,"Chicagoan Frank Gallagher is the proud single dad of six smart, industrious, independent kids, who without him would be... perhaps better off. When Frank's not at the bar spending what little money they have, he's passed out on the floor. But the kids have found ways to grow up in spite of him. They may not be like any family you know, but they make no apologies for being exactly who they are.",136.7263,/ifo31fMWLmyOVpdak9K0kY4jldQ.jpg,2011-01-09,False,Shameless,8.168,3364
False,/4kQiFnWtwndtCyKMszVJNPEE1kY.jpg,"[16, 18]",70998,['JP'],ja,僧侶と交わる色欲の夜に…,"At a high school reunion, Mio Fukatani reunites with a classmate she has not seen in years—Takahide Kujou. She had always wanted to know more about the kind-hearted boy in high school, but once she realizes that Kujou has become a monk, she believes that any chance of getting to know him romantically is slim. Deciding to drink away her sorrows, she ends up walking home drunk, and surprisingly, running into Kujou who helps her get home.

However, once inside, Kujou's lust for Mio becomes apparent and the two share an erotic night of passion. As this steamy romance blossoms between these two unlikely lovers, Mio and Kujou will undoubtedly spend many nights together in utter ecstasy.",154.4874,/ueI9EeoRdMVa7hWEm21nQEU8Zv3.jpg,2017-04-03,False,Souryo to Majiwaru Shikiyoku no Yoru ni...,5.3,14
False,/m5AiGZT678lFmGAnBJUn4GqjGIu.jpg,"[35, 18]",315038,['IN'],ta,ரிசார்ட்,A debt-ridden room service boy rises to challenge a ruthless kitchen at a luxurious beachside haven.,144.2736,/cL7iOwqapRRb7eKKlXI4FDaP6rh.jpg,2026-03-13,False,Resort,0.0,0
False,/7j4ug9B6JXVeh5HhQjjPScrdj4Z.jpg,"[80, 10759, 18]",71790,['US'],en,S.W.A.T.,"A Los Angeles S.W.A.T. sergeant is assigned to lead a highly skilled unit in the community where he grew up. Torn between loyalty to the streets, where the cops are sometimes the enemy, and allegiance to his brothers in blue, he strategically straddles the two worlds.",146.4767,/1l7vsAIkqOzrqiPwjO27Cb5QdfJ.jpg,2017-11-02,False,S.W.A.T.,8.0,1575
False,/ysYPo1JqzHiHoIHpW9wXCtvY1LW.jpg,[35],284725,['US'],en,Not Suitable for Work,"Follow five work-obsessed twenty-somethings striving for professional success and, if they have time, personal happiness in Manhattan's most glamorous neighborhood, Murray Hill.",141.5315,/hpucDFIvWwcn6sXk8EOEX0dbY0C.jpg,2026-06-02,False,Not Suitable for Work,6.091,33
False,/56v2KjBlU4XaOv9rVYEQypROD7P.jpg,"[10759, 9648, 10765]",66732,['US'],en,Stranger Things,"When a young boy vanishes, a small town uncovers a mystery involving secret experiments, terrifying supernatural forces, and one strange little girl.",130.8752,/uOOtwVbSr4QDjAGIifLDwpb2Pdl.jpg,2016-07-15,False,Stranger Things,8.562,21356
False,/5IBSPGPAEFEkEJo4leqvpq0RcKf.jpg,[16],233643,['JP'],ja,しーくれっとみっしょん～潜入捜査官は絶対に負けない！～,"Narcotics Enforcement Agent Riko Ikazuchi is undercover with her junior colleague Noma in an apartment that serves as the hideout for a criminal organization. Despite Riko and Noma posing as a newlywed couple, the criminals begin to suspect them after not hearing any marital intimacy during the night. To convince them that they are a loving couple, Noma starts touching Riko's body...",138.7182,/xZV8e1iKi85PFZlbQBdznvtpAVJ.jpg,2023-10-02,False,Secret Mission - Undercover Agents Never Back Down!,6.1,25
False,/4wVq9ICc4MI2XcssrumpCOhKLpI.jpg,"[10765, 10759, 18]",4604,['US'],en,Smallville,The origins of the world’s greatest hero–from Krypton refugee Kal-el’s arrival on Earth through his tumultuous teen years to Clark Kent’s final steps toward embracing his destiny as the Man of Steel.,125.5753,/mHZSq8LA5Dt48JjaOZ5tcPXQRVN.jpg,2001-10-16,False,Smallville,8.191,4489
False,/or0E36KfzJYZwqXeiCfm1JgepKF.jpg,[18],37680,['US'],en,Suits,"While running from a drug deal gone bad, Mike Ross, a brilliant young college-dropout, slips into a job interview with one of New York City's best legal closers, Harvey Specter. Tired of cookie-cutter law school grads, Harvey takes a gamble by hiring Mike on the spot after he recognizes his raw talent and photographic memory.",125.2566,/vQiryp6LioFxQThywxbC6TuoDjy.jpg,2011-06-23,False,Suits,8.221,5753
False,/mAXOCbZzvmDa6PCh5dcIPOB51Qc.jpg,"[80, 10765]",63174,['US'],en,Lucifer,"Bored and unhappy as the Lord of Hell, Lucifer Morningstar abandoned his throne and retired to Los Angeles, where he has teamed up with LAPD detective Chloe Decker to take down criminals. But the longer he's away from the underworld, the greater the threat that the worst of humanity could escape.",123.1676,/ekZobS8isE6mA53RAiGDG93hBxL.jpg,2016-01-25,False,Lucifer,8.433,15518
False,/l0qVZIpXtIo7km9u5Yqh0nKPOr5.jpg,[35],1668,['US'],en,Friends,"Six young people from New York City, on their own and struggling to survive in the real world, find the companionship, comfort and support they get from each other to be the perfect antidote to the pressures of life.",121.8437,/2koX1xLkpTQM4IZebYvKysFW1Nh.jpg,1994-09-22,False,Friends,8.418,9162
False,/iixxhk3ycXmFqBn616pAsC3lu53.jpg,"[16, 35]",1433,['US'],en,American Dad!,"The series focuses on an eccentric motley crew that is the Smith family and their three housemates: Father, husband, and breadwinner Stan Smith; his better half housewife, Francine Smith; their college-aged daughter, Hayley Smith; and their high-school-aged son, Steve Smith. Outside of the Smith family, there are three additional main characters, including Hayley's boyfriend turned husband, Jeff Fischer; the family's man-in-a-goldfish-body pet, Klaus; and most notably the family's zany alien, Roger, who is ""full of masquerades, brazenness, and shocking antics.""",119.9118,/eb9sH2am9IUSQ8GhXTNAVoujk8W.jpg,2005-02-06,False,American Dad!,7.007,2381
False,/wAFuDJfZJrnh6a1wf1Vt7PqYBvR.jpg,"[80, 18, 10759]",1412,['US'],en,Arrow,"Spoiled billionaire playboy Oliver Queen is missing and presumed dead when his yacht is lost at sea. He returns five years later a changed man, determined to clean up the city as a hooded vigilante armed with a bow.",129.9512,/u8ZHFj1jC384JEkTt3vNg1DfWEb.jpg,2012-10-10,False,Arrow,6.835,6357
False,/GN2KFXiHPVV6sIw4v2P2pqCJty.jpg,[18],85552,['US'],en,Euphoria,"A group of high school students navigate love and friendships in a world of drugs, sex, trauma, and social media.",119.2513,/ypmtwojDd751Peszi62DVLytqqC.jpg,2019-06-16,False,Euphoria,8.285,10898
False,/gFkHcIh7iE5G0oVOgpmY8ONQjhl.jpg,"[18, 10765]",60735,['US'],en,The Flash,"After being struck by lightning, CSI investigator Barry Allen awakens from a nine-month coma to discover he has been  granted the gift of super speed.  Teaming up with S.T.A.R. Labs, Barry takes on the persona of The Flash, the Fastest  Man Alive, to protect his city.",114.6493,/yZevl2vHQgmosfwUdVNzviIfaWS.jpg,2014-10-07,False,The Flash,7.758,11638
False,/nO7EzksrBzlNpAg5rgv8HzaBIkx.jpg,[35],1421,['US'],en,Modern Family,"The Pritchett-Dunphy-Tucker clan is a wonderfully large and blended family. They give us an honest and often hilarious look into the sometimes warm, sometimes twisted, embrace of the modern family.",110.8487,/k5Qg5rgPoKdh3yTJJrLtyoyYGwC.jpg,2009-09-23,False,Modern Family,7.912,3388
False,/3q7cCjq2cEcYjuOIpL46n11l1Gs.jpg,[99],1966,['GB'],en,Horizon,"Horizon tells amazing science stories, unravels mysteries and reveals worlds you've never seen before.",105.287,/uX8pic7asQBdnwMB9QjPvTsn1Dw.jpg,1964-02-04,False,Horizon,7.397,34
False,/usLRh1bcbL0Q9X8zf6rL4OV1qrA.jpg,"[10759, 10765, 18]",2661,['JP'],ja,仮面ライダー,"Takeshi Hongo is a promising young man with a passion for motorcycle racing. However, his dreams are suddenly ruined when he gets kidnapped by Shocker, the evil secret organization planning to dominate the world. After being remodeled into a cyborg, Takeshi escapes and swears to protect the world from the inhuman monsters.",88.5001,/2DIBDFHiKQawz4WPsYekl9DHwyA.jpg,1971-04-03,False,Kamen Rider,6.45,101
False,/hGCQ0tsJMpKjfrnCyYY0kMY2kY1.jpg,"[18, 10766]",322430,['ZA'],zu,The Polygamist,"Social media darling, Joyce, is the picture of marital perfection — until her cheating husband's conquests ignite a scandalous emotional meltdown.",125.4245,/emnQZe22rYBCsbZ7h1TUAkYEzrZ.jpg,2026-06-12,False,The Polygamist,8.222,45
False,/aJtG4txtmiRHwAAqENQHZvBs6kY.jpg,"[18, 35]",136315,['US'],en,The Bear,"Carmy, a young fine-dining chef, comes home to Chicago to run his family sandwich shop. As he fights to transform the shop and himself, he works alongside a rough-around-the-edges crew that ultimately reveal themselves as his chosen family.",114.8021,/eKfVzzEazSIjJMrw9ADa2x8ksLz.jpg,2022-06-23,False,The Bear,8.139,1762
False,/13kblIK8DnxMurcRDkeyy2sGR7v.jpg,"[10759, 18, 10768]",44217,['CA'],en,Vikings,"The adventures of Ragnar Lothbrok, the greatest hero of his age. The series tells the sagas of Ragnar's band of Viking brothers and his family, as he rises to become King of the Viking tribes. As well as being a fearless warrior, Ragnar embodies the Norse traditions of devotion to the gods. Legend has it that he was a direct descendant of Odin, the god of war and warriors.",110.0155,/bQLrHIRNEkE3PdIWQrZHynQZazu.jpg,2013-03-03,False,Vikings,8.095,7663
False,,[],324723,['US'],en,PMQ Questions,"Questions to the Prime Minister. Held weekly since 1966, Prime Minister's Questions, also referred to as PMQs, gives Members of the Teesland Parliament a chance to question the Prime Minister in the House of Minister. PMQs takes place at midday every Wednesday at the Palace of Southminister when the House of Minister is sitting.",77.2885,,1966-06-13,False,PMQ Questions,0.0,0
False,/hINekSpbcBxjnjGqmIm6I4bz2ab.jpg,"[10767, 35]",22980,['US'],en,Watch What Happens Live with Andy Cohen,Bravo network executive Andy Cohen discusses pop culture topics with celebrities and reality show personalities.,109.4998,/onSD9UXfJwrMXWhq7UY7hGF2S1h.jpg,2009-07-16,False,Watch What Happens Live with Andy Cohen,5.0,87
False,/aSGSxGMTP893DPMCvMl9AdnEICE.jpg,"[80, 18, 9648]",1405,['US'],en,Dexter,"Dexter Morgan, a blood spatter pattern analyst for the Miami Metro Police also leads a secret life as a serial killer, hunting down criminals who have slipped through the cracks of justice.",110.8009,/q8dWfc4JwQuv3HayIZeO84jAXED.jpg,2006-10-01,False,Dexter,8.239,5594
False,/cakRVxJh1MI8Sj3aJ1f75uvUSze.jpg,"[80, 9648, 10764]",74561,['CN'],zh,明星大侦探,"The cast is introduced to the settings and suspects of a murder case for the new episode. The cast then chooses their role in the episode, as a particular suspect or the detective.",75.0178,/dmWr4vJgvGMH8m60fuTh0wzYGde.jpg,2016-03-27,False,Who's the Murderer,8.4,14
False,/tNi2aJPdCKfielGYzIi3IKxStz9.jpg,"[10762, 35]",502,['US'],en,Sesame Street,"On a special inner city street, the inhabitants—human and muppet—teach preschoolers basic educational and social concepts using comedy, cartoons, games, and songs.",126.1864,/14k9BfZ2p4rQBMeJ5crKTfUZVwD.jpg,1969-11-10,False,Sesame Street,7.117,282
False,/n3Brk7roueE9HOwVmYlJx5j462g.jpg,"[10759, 80, 18]",2288,['US'],en,Prison Break,"Due to a political conspiracy, an innocent man is sent to death row and his only hope is his brother, who makes it his mission to deliberately get himself sent to the same prison in order to break the both of them out, from the inside out.",111.8435,/wnmNPaLvhnMeOqnWlhNkYCZxtda.jpg,2005-08-29,False,Prison Break,8.068,5983
False,/7VO04TtL1jIT6XOPs9u4jdB8KaB.jpg,"[35, 10767]",59941,['US'],en,The Tonight Show Starring Jimmy Fallon,"After Jay Leno's second retirement from the program, Jimmy Fallon stepped in as his permanent replacement. After 42 years in Los Angeles the program was brought back to New York.",93.4391,/1N4o5PmmqhlVDrcdJ2RlCFWbLGX.jpg,2014-02-17,False,The Tonight Show Starring Jimmy Fallon,5.804,377
False,/wsHj4oHQJoe7DMYaqNFwVoyLiAh.jpg,"[35, 10764]",33238,['KR'],ko,런닝맨,"These days, as variety shows are gradually disappearing, this is one of Korea’s representative variety shows that has been responsible for Sunday evenings for over 10 years. This program features numerous stars and members going around various places, playing games, and completing missions. In particular, among the many fun elements of variety shows, this one focuses solely on laughter.

Open your eyes! Big fun is coming in!

Open your mouth! Big laughter is coming in!

Open your heart! Useful lessons are coming in!",109.1216,/2Wmmu1MkqxJ48J7aySET9EKEjXz.jpg,2010-07-11,False,Running Man,8.2,213
False,/rAOjnEFTuNysY7bot8zonhImGMh.jpg,"[10759, 18, 10765]",1402,['US'],en,The Walking Dead,Sheriff's deputy Rick Grimes awakens from a coma to find a post-apocalyptic world dominated by flesh-eating zombies. He sets out to find his family and encounters many other survivors along the way.,104.833,/aN29llVoCFtBTwDZFtqdD9d8dHb.jpg,2010-10-31,False,The Walking Dead,8.086,17905
False,/eGPH1IwktalozwCmeLTp3aPbHGC.jpg,[10764],4656,['US'],en,Raw,"A regularly scheduled, live, year-round program featuring some of the biggest WWE Superstars.",91.8646,/fstEe6RsyNyPUnMwNcL20iNl0nE.jpg,1993-01-11,False,Raw,6.816,359
False,/7NBJ4UdleUcaXbBBioHpIfuJY7W.jpg,"[18, 10751]",320118,['IN'],kn,Nayanatara,,74.9326,/prI08jYqAHmAr2DdwFMwnr97Gsr.jpg,2021-02-07,False,Nayanatara,0.0,0
False,/tMRdEsMg9MyXAkcufK9YJEeIaNW.jpg,[35],1400,['US'],en,Seinfeld,A stand-up comedian and his three offbeat friends weather the pitfalls and payoffs of life in New York City in the '90s. It's a show about nothing.,96.6794,/aCw8ONfyz3AhngVQa1E2Ss4KSUQ.jpg,1989-07-05,False,Seinfeld,8.265,2356
False,/pXss1GWhPOcf6SrmRJ4JSkIU3sE.jpg,"[35, 10764]",98031,['CN'],zh,奔跑吧,"Hurry Up, Brother! is a Chinese variety show based off the original Korean variety show, Running Man. It is created by SBS and co-produced with Zhejiang Television. It first aired on October 10, 2014. This show is classified as a game-variety show, where the MCs and guests complete missions in a landmark to win a race. In 2017, the show officially changed its name to ""Keep Running"".",95.4941,/lr4er9w2jHqFx8VFyASN8Q1LWzB.jpg,2014-10-10,False,Keep Running,5.714,14
False,/cQGq1oRSORK1xHnAvli4qXOBOTJ.jpg,"[16, 10765, 18, 35]",250596,['JP'],ja,僕の妻は感情がない,"Takuma isn’t the most exciting guy. He’s awkward, single, and does nothing but go to work and come home. Tired of doing chores, he decides to buy a housekeeping robot named Mina. She can cook and clean perfectly, and the two get to know each other better over time. Soon, Takuma starts to fall for Mina! But could a robot ever love him back?",111.1864,/ttaknfJP0qjg7kMKwH0w29fcE6d.jpg,2024-07-02,False,My Wife Has No Emotion,6.474,19
False,/7ZruEnSnHD6Jx5mF0hBt1E306Vt.jpg,"[16, 10759, 10765, 18, 9648]",65942,['JP'],ja,Re:ゼロから始める異世界生活,"Natsuki Subaru, an ordinary high school  student, is on his way home from the convenience store when he finds  himself transported to another world. As he's lost and confused in a new  world where he doesn't even know left from right, the only person to  reach out to him was a beautiful girl with silver hair. Determined to  repay her somehow for saving him from his own despair, Subaru agrees to  help the girl find something she's looking for.",90.2782,/oHqYrPAsIiTD5m4DuxumV4er8BU.jpg,2016-04-04,False,Re:ZERO -Starting Life in Another World-,7.9,669
False,/feISh3qoREwIPWbSaLqqumbmh7m.jpg,"[9648, 80, 18]",322055,['KR'],ko,검사실의 제안,"A victim’s son and a killer’s son reunite as a prosecutor and investigator, fighting systemic corruption while becoming each other's salvation.",105.8015,/lK6DrnFecG0AsA8O5UqEYOrOArd.jpg,2026-06-25,False,The Prosecutor's Proposal,0.0,0
False,/5DFvscYGpcFaQMJljCic5gbzVe6.jpg,"[80, 10759, 18]",80748,['US'],en,FBI,"The New York office of the FBI brings to bear all their talents, intellect and technical expertise on major cases in order to keep their city and the country safe.",96.2617,/zfKS4WL0OZ9udpNoSYZw91VB3aH.jpg,2018-09-25,False,FBI,7.927,913
False,/7OrV2aAH5Yp7hA9zCCvUloLvZtl.jpg,"[16, 10762]",57532,['US'],en,PAW Patrol,"Marshall, Rocky, Rubble, Zuma and Skye are doing their best to protect the people of their town. Led by Ryder, a tech-savvy 10-year-old boy, each of them is equipped with special equipment and together they help anyone who finds themselves in trouble. No task is too big for them and no puppy is too small.",99.2247,/8HXkgUBO5OF8ZK9XbY69RM4S5rv.jpg,2013-08-12,False,PAW Patrol,7.0,812
False,/lysUnU6V0VfcthDbviuVlIqgHOR.jpg,"[16, 10759, 35]",120089,['JP'],ja,SPY×FAMILY,"A spy, an assassin and a telepath come together to pose as a family, each for their own reasons, while hiding their true identities from each other.",74.4333,/7NAvPYPAu7MeHwP8E9sn81PqsRh.jpg,2022-04-09,False,SPY x FAMILY,8.507,2278
False,/edhROlXRob3TopjWJ5898GSvQpI.jpg,[99],1428,['US'],en,MythBusters,"MythBusters is a science entertainment television program created and produced by Australia's Beyond Television Productions for the Discovery Channel. The show's hosts, special effects experts Adam Savage and Jamie Hyneman, use elements of the scientific method to test the validity of rumors, myths, movie scenes, adages, Internet videos, and news stories.",98.1625,/lvRnMu00NLGiTPijGZg9CRF3nuY.jpg,2003-01-23,False,MythBusters,7.822,628
False,/yOyzlRw54oYaGvhUBdPr7TFwtrX.jpg,"[10765, 10759]",4629,"['CA', 'US']",en,Stargate SG-1,"The story of Stargate SG-1 begins about a year after the events of the feature film, when the United States government learns that an ancient alien device called the Stargate can access a network of such devices on a multitude of planets. SG-1 is an elite Air Force special operations team, one of more than two dozen teams from Earth who explore the galaxy and defend against alien threats such as the Goa'uld, Replicators, and the Ori.",97.9708,/dQjmI7XxI47v8IM2MUysHG0LuU2.jpg,1997-07-27,False,Stargate SG-1,8.3,1832
False,/5Z40OJgNeedcAgqPRTGQzlk17Mv.jpg,"[10766, 18, 10751]",40,['US'],en,Dallas,"The world's first mega-soap, and one of the most popular ever produced, Dallas had it all. Beautiful women, expensive cars, and men playing Monopoly with real buildings. Famous for one of the best cliffhangers in TV history, as the world asked ""Who shot J.R.?"" A slow-burner to begin with, Dallas hit its stride in the 2nd season, with long storylines and expert character development. Dallas ruled the airwaves in the 1980's.",97.5722,/A1dupjBm7rXqBw2Dbz9WUsHoyxo.jpg,1978-04-02,False,Dallas,6.8,235
False,/voKEhzb4ExOmR0WSvQgLTTqRUEu.jpg,"[10759, 18, 80]",108978,['US'],en,Reacher,"Jack Reacher, a veteran military police investigator, has just recently entered civilian life. Reacher is a drifter, carrying no phone and the barest of essentials as he travels the country and explores the nation he once served.",95.7486,/31GlRQMiDunO8cl3NxTz34U64rf.jpg,2022-02-03,False,Reacher,8.08,2893
False,/mLyW3UTgi2lsMdtueYODcfAB9Ku.jpg,[35],2316,['US'],en,The Office,"The everyday lives of office employees in the Scranton, Pennsylvania branch of the fictional Dunder Mifflin Paper Company.",97.0417,/7DJKHzAi83BmQrWLrYYOqcoKfhR.jpg,2005-03-24,False,The Office,8.589,5253
False,/tMRdEsMg9MyXAkcufK9YJEeIaNW.jpg,[35],1400,['US'],en,Seinfeld,A stand-up comedian and his three offbeat friends weather the pitfalls and payoffs of life in New York City in the '90s. It's a show about nothing.,96.6794,/aCw8ONfyz3AhngVQa1E2Ss4KSUQ.jpg,1989-07-05,False,Seinfeld,8.265,2356
False,/cJYLon9ejKJV7ua03ab8Tj9u067.jpg,"[18, 10765]",18165,['US'],en,The Vampire Diaries,"The story of two vampire brothers obsessed with the same girl, who bears a striking resemblance to the beautiful but ruthless vampire they knew and loved in 1864.",95.6908,/b3vl6wV1W8PBezFfntKTrhrehCY.jpg,2009-09-10,False,The Vampire Diaries,8.301,9638
False,/gMMnf8VRg3Z98WaFmOLr9Jk8pIs.jpg,"[35, 10767]",63770,['US'],en,The Late Show with Stephen Colbert,"Stephen Colbert brings his signature satire and comedy to The Late Show with Stephen Colbert, the #1 show in late night, where he talks with an eclectic mix of guests about what is new and relevant in the worlds of politics, entertainment, business, music, technology, and more. Featuring bandleader Jon Batiste with his band Stay Human, the Emmy Award-nominated show is broadcast from the historic Ed Sullivan Theater.",96.0462,/9jkThAGYj2yp8jsS6Nriy5mzKFT.jpg,2015-09-08,False,The Late Show with Stephen Colbert,6.082,354
False,/zOnLMRD3PIhwO5KZmWMVEnLokMo.jpg,"[18, 80]",1419,['US'],en,Castle,"After a serial killer imitates the plots of his novels, successful mystery novelist Richard ""Rick"" Castle receives permission from the Mayor of New York City to tag along with an NYPD homicide investigation team for research purposes.",95.8406,/diXBeMzvfJb2iJg3G0kCUaMCzEc.jpg,2009-03-09,False,Castle,7.973,2104
False,/pXss1GWhPOcf6SrmRJ4JSkIU3sE.jpg,"[35, 10764]",98031,['CN'],zh,奔跑吧,"Hurry Up, Brother! is a Chinese variety show based off the original Korean variety show, Running Man. It is created by SBS and co-produced with Zhejiang Television. It first aired on October 10, 2014. This show is classified as a game-variety show, where the MCs and guests complete missions in a landmark to win a race. In 2017, the show officially changed its name to ""Keep Running"".",95.4941,/lr4er9w2jHqFx8VFyASN8Q1LWzB.jpg,2014-10-10,False,Keep Running,5.714,14
False,/nlDBlCtorM7nx130wYnfR5ZmyLX.jpg,"[35, 10751, 18]",71728,['US'],en,Young Sheldon,"The early life of child genius Sheldon Cooper, later seen in The Big Bang Theory.",95.3236,/kidkbZRBGbsEIrX7pODRSKi9ipl.jpg,2017-09-25,False,Young Sheldon,8.033,2999
False,/vcFW09U4834DyFOeRZpsx9x1D3S.jpg,"[10759, 18, 10765]",57243,['GB'],en,Doctor Who,"The Doctor is a Time Lord: a 900 year old alien with 2 hearts, part of a gifted civilization who mastered time travel. The Doctor saves planets for a living—more of a hobby actually, and the Doctor's very, very good at it.",94.42,/m6G92osOtSeXwjSfL21jZCUOvxe.jpg,2005-03-26,False,Doctor Who,7.609,3380
False,/tOaVCRJdTmR0U13kKkCY5QBmeMg.jpg,"[35, 99, 10764]",240407,['GB'],en,Sidemen,Welcome to the official Sidemen channel. The home of #SidemenSundays - We post new Sidemen videos every single Sunday!,94.4031,/asetB1Lzs7d1fcXpeGGZCSI2HRw.jpg,2016-05-15,False,Sidemen,9.0,1
False,/hW9NOFs8xUevb90KQYHhbifp9Po.jpg,"[9648, 18, 35]",693,['US'],en,Desperate Housewives,"Looking down on her friends and family isn't a way of life for Mary Alice Young... it's a way of death. One day, in her perfect house, in the loveliest of suburbs, Mary Alice ended it all. Now she's taking us into the lives of her family, friends and neighbors, commenting from her elevated P.O.V.",94.2778,/sywYmV9c9Vj2U7ocqNyfDt2pz3r.jpg,2004-10-03,False,Desperate Housewives,7.897,2084
False,/tLccUh3uazZ9TkLhe53UwprJhI4.jpg,"[80, 18, 10759]",32798,['US'],en,Hawaii Five-0,"Steve McGarrett returns home to Oahu, in order to find his father's killer. The governor offers him the chance to run his own task force (Five-0). Steve's team is joined by Chin Ho Kelly, Danny ""Danno"" Williams, and Kono Kalakaua.",93.6756,/sIdCKlmM2nU4akIvFQaAIiU8YES.jpg,2010-09-20,False,Hawaii Five-0,7.736,1862
False,/7VO04TtL1jIT6XOPs9u4jdB8KaB.jpg,"[35, 10767]",59941,['US'],en,The Tonight Show Starring Jimmy Fallon,"After Jay Leno's second retirement from the program, Jimmy Fallon stepped in as his permanent replacement. After 42 years in Los Angeles the program was brought back to New York.",93.4391,/1N4o5PmmqhlVDrcdJ2RlCFWbLGX.jpg,2014-02-17,False,The Tonight Show Starring Jimmy Fallon,5.804,377
False,/v9Fv1zLT7TEkPU9f59j6B1wnu2r.jpg,[10767],51049,['DK'],da,Spørg Charlie,,89.0892,/r5n682BhE3sqa2J0tSWAMsggvyA.jpg,2006-01-26,False,Spørg Charlie,0.0,0
False,/yUOFocKDW7MCC5isx4FK8A68QFp.jpg,"[9648, 10759, 18]",4607,['US'],en,Lost,"Stripped of everything, the survivors of a horrific plane crash must work together to stay alive. But the island holds many secrets.",89.8982,/og6S0aTZU6YUJAbqxeKjCa3kY1E.jpg,2004-09-22,False,Lost,8.0,5102
False,/dMY7XUfEAK0Rl8hsgc8ufEOaiZ2.jpg,"[18, 35, 80, 9648]",1695,['US'],en,Monk,"Adrian Monk was once a rising star with the San Francisco Police Department, legendary for using unconventional means to solve the department's most baffling cases. But after the tragic (and still unsolved) murder of his wife Trudy, he developed an extreme case of obsessive-compulsive disorder. Now working as a private consultant, Monk continues to investigate cases in the most unconventional ways.",87.8808,/3axGMbUecXXOPSeG47v2i9wK5y5.jpg,2002-07-12,False,Monk,8.0,1260
False,/7OrV2aAH5Yp7hA9zCCvUloLvZtl.jpg,"[16, 10762]",57532,['US'],en,PAW Patrol,"Marshall, Rocky, Rubble, Zuma and Skye are doing their best to protect the people of their town. Led by Ryder, a tech-savvy 10-year-old boy, each of them is equipped with special equipment and together they help anyone who finds themselves in trouble. No task is too big for them and no puppy is too small.",99.2247,/8HXkgUBO5OF8ZK9XbY69RM4S5rv.jpg,2013-08-12,False,PAW Patrol,7.0,812
False,/z0unSB1zZcHSpQaxxqSl622IQrf.jpg,"[10759, 16, 18, 10765]",223911,['CN'],zh,仙逆,"It tells the story of Wang Lin, an ordinary young man in the countryside, who is moved by his heart and cultivates against immortality. His pursuit is not only for longevity, but also for getting rid of the ants behind it. He firmly believed in human beings and entered the path of cultivation with mediocre qualifications. After experiencing ups and downs, with his wise mind, he gradually reached the pinnacle and became famous in the cultivation world with his own strength.",84.2502,/2jEJSCLFjniFT7z4YvyY9Ywo1lc.jpg,2023-09-25,False,Renegade Immortal,8.6,36
False,/f3cin9kOz4nOrlYEMxGFQhv4bdN.jpg,[18],71712,['US'],en,The Good Doctor,"Shaun Murphy, a young surgeon with autism and savant syndrome, relocates from a quiet country life to join a prestigious hospital's surgical unit. Unable to personally connect with those around him, Shaun uses his extraordinary medical gifts to save lives and challenge the skepticism of his colleagues.",88.2997,/luhKkdD80qe62fwop6sdrXK9jUT.jpg,2017-09-25,False,The Good Doctor,8.457,12858
False,/lNpkvX2s8LGB0mjGODMT4o6Up7j.jpg,"[80, 18]",1398,['US'],en,The Sopranos,"The story of New Jersey-based Italian-American mobster Tony Soprano and the difficulties he faces as he tries to balance the conflicting requirements of his home life and the criminal organization he heads. Those difficulties are often highlighted through his ongoing professional relationship with psychiatrist Jennifer Melfi. The show features Tony's family members and Mafia associates in prominent roles and story arcs, most notably his wife Carmela and his cousin and protégé Christopher Moltisanti.",88.723,/rTc7ZXdroqjkKivFPvCPX0Ru7uw.jpg,1999-01-10,False,The Sopranos,8.672,3506
False,/jWXrQstj7p3Wl5MfYWY6IHqRpDb.jpg,[10763],94722,['DE'],de,Tagesschau,"German daily news program, the oldest still existing program on German television.",100.0799,/7dFZJ2ZJJdcmkp05B9NWlqTJ5tq.jpg,1952-12-26,False,Tagesschau,6.759,255
False,/c2oiRa7V3bQzof4wVGzLXtWJ5QU.jpg,"[10759, 16, 35, 10765, 10762, 10751]",65733,['JP'],ja,ドラえもん,"Robotic cat Doraemon is sent back in time from the 22nd century to protect 10-year-old Noby, a lazy and uncoordinated boy who is destined to have a tragic future. Doraemon can create secret gadgets from a pocket on his stomach, but they usually cause more bad than good because of Noby's propensity to misuse them.",90.3344,/9ZN1P32SHviL3SV51qLivxycvcx.jpg,2005-04-22,False,Doraemon,8.067,232
False,/rhp8vYG1sIFtqH3ETmHJuI5Z3Cb.jpg,"[80, 18]",58841,['US'],en,Chicago P.D.,"A riveting police drama about the men and women of the Chicago Police Department's District 21 who put it all on the line to serve and protect their community. District 21 is made up of two distinctly different groups: the uniformed cops who patrol the beat and go head-to-head with the city's street crimes and the Intelligence Unit that combats the city's major offenses - organized crime, drug trafficking, high profile murders and beyond.",87.1646,/bez40PgT36RUu4gstD2A6GSM0tP.jpg,2014-01-08,False,Chicago P.D.,8.424,2595
False,/v9Fv1zLT7TEkPU9f59j6B1wnu2r.jpg,[10767],51049,['DK'],da,Spørg Charlie,,89.0892,/r5n682BhE3sqa2J0tSWAMsggvyA.jpg,2006-01-26,False,Spørg Charlie,0.0,0
False,/dzq83RHwQcnP6WGJ6YkenIqeaa5.jpg,"[18, 80]",60574,['GB'],en,Peaky Blinders,"A gangster family epic set in 1919 Birmingham, England and centered on a gang who sew razor blades in the peaks of their caps, and their fierce boss Tommy Shelby, who means to move up in the world.",91.1195,/vUUqzWa2LnHIVqkaKVlVGkVcZIW.jpg,2013-09-12,False,Peaky Blinders,8.527,11161
False,/mceCXNTny6a5F3rQgShLoyARw4l.jpg,"[10765, 10759]",96648,['KR'],ko,스위트홈,"As humans turn into savage monsters and the world plunges into terror, a handful of survivors fight for their lives — and to hold on to their humanity.",96.3251,/7rNWciOcHOH97XIeS1KFuMmjyky.jpg,2020-12-18,False,Sweet Home,8.229,1575
False,/goDtZCB5pFIuuSfYDvApe6iXTID.jpg,"[80, 18]",32692,['US'],en,Blue Bloods,"A drama about a multi-generational family of cops dedicated to New York City law enforcement. Frank Reagan is the New York Police Commissioner and heads both the police force and the Reagan brood. He runs his department as diplomatically as he runs his family, even when dealing with the politics that plagued his unapologetically bold father, Henry, during his stint as Chief.",88.5817,/q1WlrxnCvNhBjJ4N7V0JQXjnIBN.jpg,2010-09-24,False,Blue Bloods,7.787,1002
False,/bIHCUqaapZdRjd2kzSDiwzYyrpC.jpg,"[16, 10759, 35, 10751, 10765]",45140,['US'],en,Teen Titans Go!,"Robin, Starfire, Raven, Beast Boy and Cyborg return in all-new, comedic adventures. They may be super heroes who save the world every day ... but somebody still has to do the laundry!",115.3028,/kPKAigYUlWRpnfo4Ptiwlz4FWXU.jpg,2013-04-23,False,Teen Titans Go!,6.441,706
False,/2pOmuq4nkWZzwZbOfZq7CyyQAsM.jpg,[35],2691,['US'],en,Two and a Half Men,A hedonistic jingle writer's free-wheeling life comes to an abrupt halt when his brother and 10-year-old nephew move into his beach-front house.,88.0487,/xgfjxyV3g1S68opzuvG6G87muDp.jpg,2003-09-22,False,Two and a Half Men,7.457,3681
False,/og2jKploGHYnCz68vV1nRSEE0xV.jpg,"[80, 18]",60059,['US'],en,Better Call Saul,"Six years before Saul Goodman meets Walter White. We meet him when the man who will become Saul Goodman is known as Jimmy McGill, a small-time lawyer searching for his destiny, and, more immediately, hustling to make ends meet. Working alongside, and, often, against Jimmy, is “fixer” Mike Ehrmantraut. The series tracks Jimmy’s transformation into Saul Goodman, the man who puts “criminal” in “criminal lawyer"".",85.5184,/zjg4jpK1Wp2kiRvtt5ND0kznako.jpg,2015-02-08,False,Better Call Saul,8.706,6578
False,/qFfWFwfaEHzDLWLuttWiYq7Poy2.jpg,[10767],2261,['US'],en,The Tonight Show Starring Johnny Carson,"The Tonight Show Starring Johnny Carson is a talk show hosted by Johnny Carson under The Tonight Show franchise from 1962 to 1992. It originally aired during late-night. For its first ten years, Carson's Tonight Show was based in New York City with occasional trips to Burbank, California; in May 1972, the show moved permanently to Burbank, California. In 2002, The Tonight Show Starring Johnny Carson was ranked #12 on TV Guide's 50 Greatest TV Shows of All Time.",79.3933,/uSvET5YUvHNDIeoCpErrbSmasFb.jpg,1962-10-01,False,The Tonight Show Starring Johnny Carson,7.5,91
False,/s1dTt4M31q2HwD5Fkl1tf5tQzJg.jpg,[10766],206559,['ZA'],af,Binnelanders,"A South African Afrikaans soap opera. It is set in and around the fictional private hospital, Binneland Kliniek, in Pretoria, and the storyline follows the trials, trauma and tribulations of the staff and patients of the hospital.",90.9136,/3bzECfllho8PphdYujLUIuhncJD.jpg,2005-10-13,False,Binnelanders,5.532,111
False,/bFKKyCI89Xq98Gul8cGox8K3sZa.jpg,"[16, 10759, 10765]",46298,['JP'],ja,HUNTER×HUNTER,"Gon, a young boy who lives on Whale Island, dreams of becoming a Hunter like his father, who left when Gon was still young.",95.6493,/i2EEr2uBvRlAwJ8d8zTG2Y19mIa.jpg,2011-10-02,False,Hunter x Hunter,8.7,2116
False,/be6mDIMv7cg8duWkcYVnTB8rphO.jpg,"[10759, 18, 80]",1973,['US'],en,24,"Counterterrorism agent Jack Bauer fights the bad guys of the world, a day at a time. With each week's episode unfolding in real-time, ""24"" covers a single day in the life of Bauer each season.",85.1233,/iq6yrZ5LEDXf1ArCOYLq8PIUBpV.jpg,2001-11-06,False,24,7.785,1794
False,/be6mDIMv7cg8duWkcYVnTB8rphO.jpg,"[10759, 18, 80]",1973,['US'],en,24,"Counterterrorism agent Jack Bauer fights the bad guys of the world, a day at a time. With each week's episode unfolding in real-time, ""24"" covers a single day in the life of Bauer each season.",85.1233,/iq6yrZ5LEDXf1ArCOYLq8PIUBpV.jpg,2001-11-06,False,24,7.785,1794
False,/3dV7pWAdwIPKR2lMIACMfObXdgK.jpg,"[80, 10759, 18]",84105,['IN'],hi,Mirzapur,"The iron-fisted Akhandanand Tripathi is a millionaire carpet exporter and the mafia don of Mirzapur. His son, Munna, is an unworthy, power-hungry heir who will stop at nothing to inherit his father's legacy. An incident at a wedding procession forces him to cross paths with Ramakant Pandit, an upstanding lawyer, and his sons, Guddu and Bablu. It snowballs into a game of ambition, power and greed that threatens the fabric of this lawless city.",95.6049,/1rxLUFVrtTo82OxhbDXJDiJVkwL.jpg,2018-11-15,False,Mirzapur,8.016,189
False,/t0J74zw5N5Ux7CvvBtIHvjnSB4n.jpg,"[35, 18, 10751]",90966,['IN'],hi,गुल्लक,"Set in quaint by-lanes in the heart of India, Gullak is a collection of disarming and relatable tales of the Mishra family.",82.3249,/arn3mvRYSrEqO7vaKbH8QxM8EEK.jpg,2019-06-27,False,Gullak,7.777,47
False,/rNnyng9ibodrXozaRf8Tk03Wxu3.jpg,[18],97072,['IN'],hi,Charmsukh,"Charmsukh is an erotic, drama web-series streamed on ULLU network with each episode having unique storyline.",89.6863,/6Kt9zIsrtqs1x1XyNFxOeEjlkKB.jpg,2019-11-22,False,Charmsukh,7.0,3
False,/391ixi0wVbFtFLQnOy8ZncWv2io.jpg,"[18, 10768, 80]",1407,['US'],en,Homeland,"CIA officer Carrie Mathison is tops in her field despite being bipolar, which makes her volatile and unpredictable. With the help of her long-time mentor Saul Berenson, Carrie fearlessly risks everything, including her personal well-being and even sanity, at every turn.",88.2334,/6GAvS2e6VIRsms9FpVt33PsCoEW.jpg,2011-10-02,False,Homeland,7.583,2590
False,/kPO4rsDkSwmGMRDejvLAel8FafA.jpg,"[16, 35]",113360,['JP'],ja,じみへんっ!!～地味子を変えちゃう純異性交遊～,"The story follows Rena Yukuhasahi, a reserved office lady and Ryouhei Hachiya, a businessman and fellow colleague. Yukuhasahi appears to be the most reserved girl in the company, but becomes a super beautiful woman when she dresses up. Flustered in the presence of her transformed self, Hachiya insists on taking her out, only to find themselves in front of a love hotel.",104.1303,/to5FshluwPdO9d3Ucs7fagJL7OU.jpg,2021-01-03,False,Jimihen!! Jimiko o Kae Chau Jun Isei Kouyuu,6.4,25
False,/5CLySfrEBC6av0wAQw67lRr5Puy.jpg,"[16, 10765]",259231,['CN'],zh,斩神之凡尘神域,"""If the dark night comes to an end, I will stand in front of tens of thousands of people, slashing my sword into the abyss, staining the sky with blood!"" Have you ever thought that monsters from ancient myths lurk under the bright neon cities? Have you ever thought that above the moon hanging high above the heads of the world, there are gods watching over the world? Have you ever thought that in the crowded modern cities, there are extraordinary people who walk the world in place of gods?",90.0658,/n4lEQkgCDuOP3TNvIjkzn5QjRp.jpg,2024-07-31,False,Slay the Gods,8.3,16
False,/rBOnrVlck7BIlGeWVlzYiZeg4l2.jpg,"[16, 10759, 18, 10765]",209867,['JP'],ja,葬送のフリーレン,"After the party of heroes defeated the Demon King, they restored peace to the land and returned to lives of solitude.  Generations pass, and the elven mage Frieren comes face to face with humanity’s mortality. She takes on a new apprentice and promises to fulfill old friends’ dying wishes. Can an elven mind make peace with the nature of life and death? Frieren embarks on her quest to find out.",75.9885,/dqZENchTd7lp5zht7BdlqM7RBhD.jpg,2023-09-29,False,Frieren: Beyond Journey's End,8.804,858
False,/nCwAmyCcA6w1ZFjKrmwCRPiy4gt.jpg,"[35, 80, 18, 9648]",41956,['GB'],en,Death in Paradise,A brilliant but idiosyncratic British detective and his resourceful local team solve baffling murder mysteries on the fictional Caribbean island of Saint Marie.,80.1648,/u7t6vCyqAdD5hE4eEfTrZmVljDi.jpg,2011-10-25,False,Death in Paradise,7.5,326
False,/nlDBlCtorM7nx130wYnfR5ZmyLX.jpg,"[35, 10751, 18]",71728,['US'],en,Young Sheldon,"The early life of child genius Sheldon Cooper, later seen in The Big Bang Theory.",95.3236,/kidkbZRBGbsEIrX7pODRSKi9ipl.jpg,2017-09-25,False,Young Sheldon,8.033,2999
False,/yVP12H81dwaay5B7GVqgO893q2c.jpg,"[18, 80, 9648]",226637,['US'],en,High Potential,"Morgan is a single mom with an exceptional mind, whose unconventional knack for solving crimes leads to an unusual and unstoppable partnership with a by-the-book seasoned detective.",86.1671,/xCtaUDBUP1iKqtoqpHfeH1T2pWF.jpg,2024-09-17,False,High Potential,8.153,550
False,/2iYitemZYaZUcmSo0l2p3WHvj5J.jpg,[18],3172,['US'],en,Private Practice,"Having left behind Seattle Grace Hospital, renowned surgeon Addison Forbes Montgomery moves to Los Angeles for sunnier weather and happier possibilities. She reunites with her friends from medical school, joining them at their chic, co-op, Oceanside Wellness Center in Santa Monica.",66.3866,/pW20ANAGdrgreYJExduUVaWos6H.jpg,2007-09-26,False,Private Practice,7.528,352
False,/ksmcQlCQc7XFGpXpIFZzF5twRSr.jpg,"[18, 10759, 80, 10765]",1411,['US'],en,Person of Interest,"John Reese, former CIA paramilitary operative, is presumed dead and teams up with reclusive billionaire Finch to prevent violent crimes in New York City by initiating their own type of justice. With the special training that Reese has had in Covert Operations and Finch's genius software inventing mind, the two are a perfect match for the job that they have to complete. With the help of surveillance equipment, they work ""outside the law"" and get the right criminal behind bars. ",84.7934,/f8aIvYk5h7Z8EP3dinCmVgQFYow.jpg,2011-09-22,False,Person of Interest,8.099,2061
False,/cCVyNQkFZxLAC5jKXgO7EsJlDNd.jpg,"[18, 10765]",56570,['US'],en,Outlander,"The story of Claire Randall, a married combat nurse from 1945 who is mysteriously swept back in time to 1743, where she is immediately thrown into an unknown world where her life is threatened. When she is forced to marry Jamie, a chivalrous and romantic young Scottish warrior, a passionate affair is ignited that tears Claire's heart between two vastly different men in two irreconcilable lives.",80.6709,/oftZNfyTVNU7IfOqoGLoT8MGvNs.jpg,2014-08-09,False,Outlander,8.196,2905
False,/oS3nip9GGsx5A7vWp8A1cazqJlF.jpg,"[18, 9648, 10765]",39351,['US'],en,Grimm,"After Portland homicide detective Nick Burkhardt discovers he's descended from an elite line of criminal profilers known as ""Grimms,"" he increasingly finds his responsibilities as a detective at odds with his new responsibilities as a Grimm.",79.7844,/iOptnt1QHi6bIHmOq6adnZTV0bU.jpg,2011-10-28,False,Grimm,8.27,3555
False,/3EGjqKhVHGsvNHvBIbxmqS17Aal.jpg,"[10767, 10763]",224,['GB'],en,Match of the Day,"BBC's football highlights and analysis.

""The longest-running football television programme in the world"" as recognised by Guinness World Records in 2015.",76.3627,/paRFRd11WlFOxVbGnzjjCBym7FW.jpg,1964-08-22,False,Match of the Day,7.6,50
False,/mLKN1dsimKPiXCZ48KED0X8a02t.jpg,"[16, 10759, 10765]",45790,['JP'],ja,ジョジョの奇妙な冒険,"Follow the intergenerational feud between the Joestar Family and various forces of evil, the most prominent of which is Dio Brando and his followers.",65.1333,/ogAWwbh3frWtiTyyXrZaVFtqCgp.jpg,2012-10-06,False,JoJo's Bizarre Adventure,8.6,1607
False,/h050XJoiIobaH6bhj3MAhgilkpJ.jpg,"[18, 80, 10759]",75219,['US'],en,9-1-1,"Explore the high-pressure experiences of police officers, paramedics and firefighters who are thrust into the most frightening, shocking and heart-stopping situations. These emergency responders must try to balance saving those who are at their most vulnerable with solving the problems in their own lives.",82.7676,/6njUqsd3By2mJsdZm1P0moPLzs3.jpg,2018-01-03,False,9-1-1,8.218,2795
False,/uinrziSwEmS6s8VvGBad5sed7bF.jpg,[18],1435,['US'],en,The Good Wife,Alicia Florrick boldly assumes full responsibility for her family and re-enters the workforce after her husband's very public sex and political corruption scandal lands him in jail.,73.311,/lasNCd45fpPLirlA7QxkuopWro.jpg,2009-09-22,False,The Good Wife,7.596,672
False,/8VXhcrl5z2I1zEU9X3pkkNrZlD.jpg,[18],65494,"['GB', 'US']",en,The Crown,"The gripping, decades-spanning inside story of Her Majesty Queen Elizabeth II and the Prime Ministers who shaped Britain's post-war destiny. 

The Crown tells the inside story of two of the most famous addresses in the world – Buckingham Palace and 10 Downing Street – and the intrigues, love lives and machinations behind the great events that shaped the second half of the 20th century. Two houses, two courts, one Crown.",71.9235,/1M876KPjulVwppEpldhdc8V4o68.jpg,2016-11-04,False,The Crown,8.186,2353
False,/5F0HVEgkgP99fEWDjPyikGt9jQi.jpg,"[16, 10759, 10765]",46260,['JP'],ja,ナルト,"Naruto Uzumaki, a mischievous adolescent ninja, struggles as he searches for recognition and dreams of becoming the Hokage, the village's leader and strongest ninja.",71.1941,/xppeysfvDKVx775MFuH8Z9BlpMk.jpg,2002-10-03,False,Naruto,8.364,6011
False,/rX5hvSRB2k4YoIvRg6Zky52rWk0.jpg,"[10765, 37]",63247,['US'],en,Westworld,"A dark odyssey about the dawn of artificial consciousness and the evolution of sin. Set at the intersection of the near future and the reimagined past, it explores a world in which every human appetite, no matter how noble or depraved, can be indulged.",68.7379,/ALlSU9du9iRiKIIoY1sREGNqQ5.jpg,2016-10-02,False,Westworld,8.021,6205
False,/d7cH4zt3xoqRQnLqYXMPOrUz5k3.jpg,"[80, 18, 9648]",873,['US'],en,Columbo,"Columbo is a friendly, verbose, disheveled-looking police detective who is consistently underestimated by his suspects. Despite his unprepossessing appearance and apparent absentmindedness, he shrewdly solves all of his cases and secures all evidence needed for indictment. His formidable eye for detail and meticulously dedicated approach often become clear to the killer only late in the storyline.",81.5925,/2JCD8vab3fircOU8cM2HJCxfv4I.jpg,1971-09-15,False,Columbo,8.077,826
False,/lUrtMjiunomHPDC2sQNIxswbmdU.jpg,"[18, 80]",3034,"['AT', 'DE', 'CH']",de,Tatort,"Tatort is a long-running German/Austrian/Swiss, crime television series set in various parts of these countries. The show is broadcast on the channels of ARD in Germany, ORF in Austria and SF1 in Switzerland.",69.2429,/yh43TKi9himQWhzrlWBxV8WjsFn.jpg,1970-11-29,False,Scene of the Crime,6.2,123
False,/k6HuQah68p24qpwbbotqAsY2a9h.jpg,"[18, 10751]",280932,['IN'],bn,Khelaghor,"A rich girl gets accidentally married to an uneducated vagabond living in a slum. in the marriage demanding countless adjustments, will love find a chance?",58.064,/uqly7FYGMFUex57M12yvb7tCvKA.jpg,2020-11-30,False,Khelaghor,0.0,0
False,/q5mJ4oKfGc6Cr9reIHFzD0pQzre.jpg,"[10759, 18]",200709,['KR'],ko,약한영웅,"With the aid of unexpected friends, a gifted but introverted student confronts bullies and violent foes — unaware of how dangerous his world will become.",78.8955,/5Sd01WeraL2oA3Vv6O4rcRxockn.jpg,2022-11-18,False,Weak Hero,8.711,463
False,/qLYumObEHeRHFMC6N3SfCrnBFjp.jpg,[18],4601,['US'],en,Law & Order: Criminal Intent,The third installment of the “Law & Order” franchise takes viewers deep into the minds of its criminals while following the intense psychological approaches the Major Case Squad uses to solve its crimes.,73.191,/zgBg8gTCELQg73awE7qAuV06c4Z.jpg,2001-09-30,False,Law & Order: Criminal Intent,7.6,377
False,/5Z40OJgNeedcAgqPRTGQzlk17Mv.jpg,"[10766, 18, 10751]",40,['US'],en,Dallas,"The world's first mega-soap, and one of the most popular ever produced, Dallas had it all. Beautiful women, expensive cars, and men playing Monopoly with real buildings. Famous for one of the best cliffhangers in TV history, as the world asked ""Who shot J.R.?"" A slow-burner to begin with, Dallas hit its stride in the 2nd season, with long storylines and expert character development. Dallas ruled the airwaves in the 1980's.",97.5722,/A1dupjBm7rXqBw2Dbz9WUsHoyxo.jpg,1978-04-02,False,Dallas,6.8,235
False,/pvOI0jUuBVigqNTXClGGhIK2dSk.jpg,[10764],154770,['CN'],zh,你好，星期六,"""Hello, Saturday"" is the rebranding of the popular Chinese show ""Happy Camp"", hosted by He Jiong and with a fixed group of regular celebrity members.

The program showcases the talent of various stars as well as social topics through creative and diverse content and games. It aims to spread positive energy while keeping up with the current trends and leading youth culture.",78.9976,/wsTjWy6NE2s3h0neChr0D92ddwI.jpg,2022-01-01,False,Hello Saturday,6.4,10
False,/zbfXS4o6UykeXsD8djFTyV7Cj4N.jpg,[18],46296,['US'],en,Spartacus,"Torn from his homeland and the woman he loves, Spartacus is condemned to the brutal world of the arena where blood and death are primetime entertainment.",77.631,/c2GKN4VHCj1dnjFMANRpGkCVBae.jpg,2010-01-22,False,Spartacus,8.029,2959
False,/w00lfexrsOeR25dO4hsWhbcUnmD.jpg,"[9648, 10765, 80]",4087,['US'],en,The X-Files,"The exploits of FBI Special Agents Fox Mulder and Dana Scully who investigate X-Files: marginalized, unsolved cases involving paranormal phenomena. Mulder believes in the existence of aliens and the paranormal while Scully, a skeptic, is assigned to make scientific analyses of Mulder's discoveries that debunk Mulder's work and thus return him to mainstream cases.",70.9539,/rcBx0p8h51LHceyhquYMxbspJQu.jpg,1993-09-10,False,The X-Files,8.375,3597
False,/iq4BjyVsDxzg24XnjoGP0Xi2Tz5.jpg,"[9648, 18, 80]",4177,['US'],en,Perry Mason,The cases of master criminal defense attorney Perry Mason and his staff who handled the most difficult of cases in the aid of the innocent.,80.5643,/sK6JvgNFP1ClT4aF4nPAZiDpAdk.jpg,1957-09-21,False,Perry Mason,7.7,136
False,/4jrSbRpLqpvYJtLKncaxZVC47EW.jpg,"[80, 18]",60622,['US'],en,Fargo,"A close-knit anthology series dealing with stories involving malice, violence and murder based in and around Minnesota.",74.0464,/a3VW6khsyUVKrG0GBCWFG3NzWPX.jpg,2014-04-15,False,Fargo,8.29,3282
False,/ueZFcwAUvkjyAB9beaiqJyg0M8H.jpg,"[35, 18, 9648, 10765]",1981,['US'],en,Charmed,"Three sisters (Prue, Piper and Phoebe) reunite and unlock their powers to become the Charmed Ones, the most powerful good witches of all time, whose prophesied destiny is to protect innocent lives from evil beings such as demons and warlocks. Each sister possesses unique magical powers that grow and evolve, while they attempt to maintain normal lives in modern day San Francisco. ",74.8163,/z4bPJ1BWU2EtV69NII2GVvsugQ2.jpg,1998-10-07,False,Charmed,8.166,2524
False,/dVpAGo3TT2IjDyRuKwhNfe9E1A5.jpg,"[80, 18, 9648, 10765]",36,['US'],en,Medium,Allison Dubois works in the District Attorney’s office using her natural intuition about people and her ability to communicate with the dead to help to solve crimes. Her dreams often give her clues to the whereabouts of missing people.,100.76,/6tOxspW2MbbAQ0s3jtfs8QATcx.jpg,2005-01-03,False,Medium,7.457,574
False,/dAepkmD4vdfhS82r2OIqF1nwGR5.jpg,"[10759, 18, 80, 9648]",17610,['US'],en,NCIS: Los Angeles,"The exploits of the Los Angeles–based Office of Special Projects (OSP), an elite division of the Naval Criminal Investigative Service that specializes in undercover assignments.",67.8601,/TIIgcznwNfNr3KOZvxn26eKV99.jpg,2009-09-22,False,NCIS: Los Angeles,7.5,1241
False,/xtCzLQOocIajjQ5Mhwp834BQhVX.jpg,"[80, 10759, 18]",74823,['TR'],tr,Çukur,"When a mafia family named Koçovars are in danger of losing control of their neighborhood, “The Pit,” their youngest son must come back home, a place he could never truly escape.",79.3128,/fBXDSBDw5Zug6E2xTB265LzYVKz.jpg,2017-10-23,False,The Pit,7.6,86
False,/bk7QdAIUqkGpZO5GUX4AMB2AZIB.jpg,[10767],82873,['US'],en,The Kelly Clarkson Show,"Kelly Clarkson presents the biggest newsmakers and names in film, television and music; as well as emerging new talent and everyday people who are beacons of hope in their communities.",65.4697,/sBix25bie9UQFzbarN51DpFO5ky.jpg,2019-09-09,False,The Kelly Clarkson Show,6.4,70
False,/z0YhJvomqedHF85bplUJEotkN5l.jpg,"[16, 10759, 10765]",31910,['JP'],ja,ナルト 疾風伝,"After 2 and a half years Naruto finally returns to his village of Konoha, and sets about putting his ambitions to work. It will not be easy though as he has amassed a few more dangerous enemies, in the likes of the shinobi organization; Akatsuki.",65.3072,/kV27j3Nz4d5z8u6mN3EJw9RiLg2.jpg,2007-02-15,False,Naruto Shippūden,8.533,8671
False,/n4B2dVVScH4L4Scvy7mTboYcfGQ.jpg,"[80, 9648, 18]",296285,['ES'],es,Oasis,"Oasis is the most luxurious holiday resort in the country — a paradise reserved for the wealthiest families, featuring private beaches, VIP facilities, and impenetrable security. The perfect place to spend the best summer of your life. But everything falls apart when the police storm the resort to investigate a mysterious disappearance. In such an exclusive place, everyone is a suspect — and no one can leave until the culprit is found.",74.5581,/vWBtcjETIUd45OoIULEqc6qZxM7.jpg,2026-06-19,False,Oasis,6.857,14
False,/n4B2dVVScH4L4Scvy7mTboYcfGQ.jpg,"[80, 9648, 18]",296285,['ES'],es,Oasis,"Oasis is the most luxurious holiday resort in the country — a paradise reserved for the wealthiest families, featuring private beaches, VIP facilities, and impenetrable security. The perfect place to spend the best summer of your life. But everything falls apart when the police storm the resort to investigate a mysterious disappearance. In such an exclusive place, everyone is a suspect — and no one can leave until the culprit is found.",74.5581,/vWBtcjETIUd45OoIULEqc6qZxM7.jpg,2026-06-19,False,Oasis,6.857,14
False,/iWoAhgDXpMKXtbYKg0JFbr1RQKi.jpg,"[18, 35]",75266,['IN'],hi,Nimki Mukhiya,"Nimki is a fun-loving, carefree, opinionated woman who loves watching Bollywood movies. In a turn of events, she becomes her village's first female mukhiya.",56.993,/myL5jbAW0NHRRdbwuoyLg8A4wpo.jpg,2017-08-28,False,Nimki Mukhiya,0.0,0
False,/yYpQV25I7XB6S0POJOScPjxYWV5.jpg,"[16, 10759, 10765]",60572,['JP'],ja,ポケットモンスター,"Join Ash accompanied by his partner Pikachu, as he travels through many regions, meets new friends and faces new challenges on his quest to become a Pokémon Master.",73.5449,/lP4zwr0F7hWTbAFltfoFTc2AxRG.jpg,1997-04-01,False,Pokémon,7.988,2197
False,/bhF63Jd90gRYyTHd4y5GCGA2vX6.jpg,"[16, 35, 10759, 10765]",31132,['US'],en,Regular Show,The surreal misadventures of two best friends - a blue jay and a raccoon - as they seek to liven up their mundane jobs as groundskeepers at the local park.,81.5726,/mS5SLxMYcKfUxA0utBSR5MOAWWr.jpg,2010-09-06,False,Regular Show,8.635,2259
False,/ka4rcpCCBPAATLdQEn57qZQT8e4.jpg,"[18, 80, 9648]",40663,['JP'],ja,相棒,"Detective Ukyo Sugishita confronts crime on the basis of his own convictions. He has a partner that works for him in the Special Task Unit. For the first 7 seasons, Ukyo’s first partner is Kaoru Kameyama. He is a good-natured, hot-tempered, straightforward and somewhat scattered detective. Beginning in Season 8, Takeru Kanbe replaces Kameyama. Contrary to his predecessor, Takeru is a lanky, cool, conceited and confident detective. From Season 11 to Season 13, Ukyo’s partner is a young detective Toru Kai. Toru is a son of Deputy Director-General of The National Police Agency. But he became a detective by his own effort. And starting with Season 14, Ukyo’s current partner is Wataru Kaburagi, an elite bureaucrat who came to the Metropolitan Police Department on temporary assignment. As the first partner without any career of a police officer, he will face challenging cases together with Ukyo.",61.8591,/8u8rCCeuBufMQ1VlGX0lruhDaPR.jpg,2002-10-09,False,AIBOU: Tokyo Detective Duo,7.545,22
False,/fnyS6gOv9tTjhHPl4A1aKEDgWEG.jpg,"[16, 10762]",12225,['GB'],en,Peppa Pig,"Peppa Pig is an energetic piggy who lives with Mummy, Daddy, and little brother George. She loves to jump in mud puddles and make loud snorting noises.",75.0461,/iwKVo3HlsyVNXCzFEkd0xHz3kGi.jpg,2004-05-31,False,Peppa Pig,6.6,749
False,/9itOpkXcVrJDlGvRDMaLjUdTwrs.jpg,"[18, 9648]",219971,['US'],en,The Agency,"Covert CIA agent Martian is ordered to abandon his undercover life and return to London Station. When the love he left behind unexpectedly reappears, their romance reignites, pitting his career, his real identity and his mission against his heart while hurling them both into a deadly game of international intrigue and espionage.",75.4617,/fDZgOeTiplrl0skvK6IIyejHLQF.jpg,2024-12-01,False,The Agency,7.093,227
False,/gffVOVZ2Y9cmVIZ26Gt9ByMGCYH.jpg,"[16, 18, 9648]",220542,['JP'],ja,薬屋のひとりごと,"Maomao lived a peaceful life with her apothecary father. Until one day, she's sold as a lowly servant to the emperor's palace. But she wasn't meant for a compliant life among royalty. So when imperial heirs fall ill, she decides to step in and find a cure! This catches the eye of Jinshi, a handsome palace official who promotes her. Now, she's making a name for herself solving medical mysteries!",60.5188,/e3ojpANrFnmJCyeBNTinYwyBCIN.jpg,2023-10-22,False,The Apothecary Diaries,8.6,581
False,/a4doyPOabvQor0RGkWdhVENAR3G.jpg,"[18, 9648, 10765]",1413,['US'],en,American Horror Story,"An anthology horror drama series centering on different characters and locations, including a house with a murderous past, an asylum, a witch coven, a freak show, a hotel, a farmhouse in Roanoke, a cult, the apocalypse and a summer camp.",71.6387,/x2c3AvZeTyNehRZXabTojAxfDuR.jpg,2011-10-05,False,American Horror Story,8.079,6069
False,/2UG177tWHy7xRmMKWJHB7nAUmKd.jpg,"[16, 10759, 10765, 18]",31911,['JP'],ja,鋼の錬金術師 FULLMETAL ALCHEMIST,"Disregard for alchemy’s laws ripped half of Edward Elric’s limbs from his body and left his brother Alphonse’s soul clinging to a suit of armor. To restore what was lost, the brothers seek the Philosopher’s Stone. Enemies and allies – the corrupt military, the Homunculi, and foreign alchemists – will alter the Elric brothers course, but their purpose will remain unchanged and their bond unbreakable.",61.8647,/5ZFUEOULaVml7pQuXxhpR2SmVUw.jpg,2009-04-05,False,Fullmetal Alchemist: Brotherhood,8.71,2480
False,/6t2FvBr9DS8MOq0m5FAwPBCdAW5.jpg,"[18, 9648, 80]",220102,['US'],en,Spider-Noir,"Ben Reilly, an aging and down on his luck private investigator in 1930s New York, is forced to grapple with his past life as the city's one and only superhero.",72.174,/oD8WSVqz84ZRfelkr7JPeJwR9Iv.jpg,2026-05-25,False,Spider-Noir,8.514,610
False,/6T19aRp9zLMghZo1dTEwoNyreNZ.jpg,"[16, 18, 9648, 80]",30981,['JP'],ja,MONSTER,"Kenzou Tenma, a Japanese brain surgeon in Germany, finds his life in utter turmoil after getting involved with a psychopath that was once a former patient.",53.6854,/n5XNKXnoXpoXyfiCtXHOf8q8PFM.jpg,2004-04-07,False,Monster,8.5,787
False,/3qS74RxSO4K9TaxSSHPHc1vCGFW.jpg,"[10764, 35]",262838,['IN'],hi,India's Got Latent,"Samay Raina and the guest judges hilariously critique the untapped, undeniably entertaining ""latent"" talents of aspiring performers, testing their self-awareness with a unique scoring system.",74.893,/8jcdd5HqW4nhF2upVGFS0KJ6hdY.jpg,2024-06-14,False,India's Got Latent,8.75,8
False,/vqm22ecqtzy5Olr74mkUV5lWa9g.jpg,"[99, 18, 80]",90,['CA'],en,Mayday,"Major real-life air disasters are depicted in this series. Each episode features a detailed dramatized reconstruction of the incident based on cockpit voice recorders and air traffic control transcripts, as well as eyewitnesses recounts and interviews with aviation experts.",66.0951,/2uuVIAb4MtPmMNTpOyID5V8DzrU.jpg,2003-09-03,False,Mayday,8.2,286
False,/njEGYHyq58q94ZPJlSGs6bGrepv.jpg,"[35, 10767]",4419,['US'],en,Real Time with Bill Maher,"Each week Bill Maher surrounds himself with a panel of guests which include politicians, actors, comedians, musicians and the like to discuss what's going on in the world.",83.4877,/pbpoLLp4kvnYVfnEGiEhagpJuVZ.jpg,2003-02-21,False,Real Time with Bill Maher,6.064,241
False,/AgTy5IsOv1FAx02gunir8ZSiUxG.jpg,[16],81044,['JP'],ja,じょしおちっ！～2階から女の子が・・・降ってきた！？～,"Sousuke Aikawa is a part-time worker who lives in a rundown apartment building where his only consolation is that the landlord is a beautiful woman and the girl who lives above him is cute.

One day though, the ceiling above him creaks and... Bang! In from the second floor, directly above him, the cute girl comes crashing down on him…!?

In an erotic encounter that can only be classified as a miracle, hearts and bodies are connected by chance. Then for some reason, he starts to live with both of these beautiful women!? Under this one roof, just what exactly will become of this crowded love triangle...!?",69.6305,/7x8x6dl4leOSw6KGUcOrQew7Eua.jpg,2018-07-02,False,Joshiochi! 2-kai kara Onnanoko ga... Futtekita!?,7.3,26
False,/mcgZDwhMlrFsfpbvCeg5RY5mhiu.jpg,"[80, 18]",1409,['US'],en,Sons of Anarchy,"The Sons of Anarchy (SOA) are an outlaw motorcycle club with many charters in the United States and overseas. The show focused on the original and founding charter, Sons of Anarchy Motorcycle Club, Redwood Original, often referred to by the acronym SAMCRO, Sam Crow, or simply Redwood Charter. The charter operates both legal and illegal businesses in the small town of Charming, California. They combine gun-running and a garage, and involvement in porn film industry. Clay, the charter president, likes it old school and violent; while Jax, his stepson and the club's VP, has thoughts about changing the way things are done. Their conflict has effects on both the club and their personal relationship, especially when Jax goes on a personal quest to cleanse the SAMCRO name and image.",69.1348,/kiy8BHtIHAslh81rvFcZ4wbNGdY.jpg,2008-09-03,False,Sons of Anarchy,8.414,3278
False,/4CSdS9p0AhLhxCo1hGuQINiE2Sa.jpg,"[16, 35, 10751]",2122,['US'],en,King of the Hill,"Set in Texas, this animated series follows the life of propane salesman Hank Hill, who lives with his overly confident substitute Spanish teacher wife Peggy, wannabe comedian son Bobby, and naive niece Luanne. Hank has conservative views about God, family, and country, but his values and ethics are often challenged by the situations he, his family, and his beer-drinking neighbors/buddies find themselves in.",76.3554,/e2xyMapmYgv4AuSoSDv9Y4pQlD6.jpg,1997-01-12,False,King of the Hill,7.403,671
False,/hTnMOqUxYWSXqggzlY13NATnuTv.jpg,"[18, 10765, 10759]",62688,['US'],en,Supergirl,"Twenty-four-year-old Kara Zor-El, who was taken in by the Danvers family when she was 13 after being sent away from Krypton, must learn to embrace her powers after previously hiding them. The Danvers teach her to be careful with her powers, until she has to reveal them during an unexpected disaster, setting her on her journey of heroism.",77.555,/cFO65xb0xiXKqk5BmgHawCXB1i0.jpg,2015-10-26,False,Supergirl,7.278,4394
False,/eDNSgT1xPMKYcEzJ5GG0PCE3NcN.jpg,[18],269,['US'],en,One Tree Hill,"In Tree Hill, North Carolina two half brothers share a last name and nothing else. Brooding, blue-collar Lucas is a talented street-side basketball player, but his skills are appreciated only by his friends at the river court. Popular, affluent Nathan basks in the hero-worship of the town, as the star of his high school team. And both boys are the son of former college ball player Dan Scott whose long ago choice to abandon Lucas and his mother Karen, will haunt him long into his life with wife Deb and their son Nathan.",72.9037,/sOrelBaAhp7DZbPTivDwKEyPslC.jpg,2003-09-23,False,One Tree Hill,7.815,596
False,/sih377ne4tNY0MLSvNuHBfxeVKg.jpg,[10764],112732,['CN'],zh,哈哈哈哈哈,Road-type outdoor reality show. The five-kazakhstan tour group takes time out of the busy and trivial daily life to embark on a journey from east to west across China.,67.723,/wynP4QFfZNYHW0ETAbKVY9UjSbF.jpg,2020-11-06,False,HaHaHaHaHa,7.0,7
False,/n5WBNNq1qdgnI0XULBH0XnCVaOc.jpg,"[80, 10759]",311858,['GB'],en,Prisoner,"A young and ambitious prison officer finds herself in the middle of a battle for the criminal underworld as crime lords try to evade justice. But in order to do that, she will have to learn quickly to put her faith in one of the very men she wants to put behind bars.",80.2029,/zDjl6FOCuCy8gyug54VDlLgxa1l.jpg,2026-04-30,False,Prisoner,5.4,21
False,,[18],233756,['JP'],ja,悪魔のKISS,"Three childhood friends from a small town arrive in Tokyo, only to be consumed by ""devilish"" obsessions, from desire and debt to prostitution, drugs, sexual violence, and manipulative cults, pushing their dreams and friendship to the breaking point.",65.8536,/abrYuDkjVct508o1xcwGtLh8w0O.jpg,1993-07-07,False,Devil's Kiss,0.0,0
False,/9AeiA1XtP5sel2tAf9LaGeUjhDb.jpg,"[35, 80]",48891,['US'],en,Brooklyn Nine-Nine,"A single-camera ensemble comedy following the lives of an eclectic group of detectives in a New York precinct, including one slacker who is forced to shape up when he gets a new boss.",63.028,/A3SymGlOHefSKbz1bCOz56moupS.jpg,2013-09-17,False,Brooklyn Nine-Nine,8.212,3994
False,/qmliLoo6GVheM2FihatlAXxCKyF.jpg,"[10765, 10759, 18, 9648]",655,['US'],en,Star Trek: The Next Generation,"Follow the intergalactic adventures of Capt. Jean-Luc Picard and his loyal crew aboard the all-new USS Enterprise NCC-1701D, as they explore new worlds.",66.9927,/vkLzXddgUKH5VcpnYiRzpJFrZhz.jpg,1987-09-28,False,Star Trek: The Next Generation,8.372,1771
False,/iWopHyAvuIDjGX10Yc3nn6UEebW.jpg,"[18, 10765, 10759]",1403,['US'],en,Marvel's Agents of S.H.I.E.L.D.,"Agent Phil Coulson of S.H.I.E.L.D. (Strategic Homeland Intervention, Enforcement and Logistics Division) puts together a team of agents to investigate the new, the strange and the unknown around the globe, protecting the ordinary from the extraordinary.",66.339,/gHUCCMy1vvj58tzE3dZqeC9SXus.jpg,2013-09-24,False,Marvel's Agents of S.H.I.E.L.D.,7.479,3810
False,/uV1nCntdsTVhw7bDrd85qtiqdY9.jpg,[16],100937,['JP'],ja,俺の指で乱れろ。～閉店後二人きりのサロンで...～,"Fumi works as an assistant at a popular salon in the city and is aiming to become a hairdresser. She receives strict guidance from Sousuke, the salon's charismatic hairdresser and manager. Every time he touches Fumi, she becomes agitated. One day after the salon closed, Fumi stands in as Sousuke's practice partner at the shampoo station. As he touches her and sprinkles her with water, she becomes angry again! Or so the thought...could she actually be attracted to him? Sousuke flashes an evil smile as he senses Fumi's heart, and his fingertips start to stroke every corner of her body...Fumi cannot refuse his fingers anymore.",90.6147,/hlk5xhZw5uSBJvpJD3xbX2k6BhA.jpg,2020-04-06,False,Crazy Over His Fingers: Just the Two of Us in a Salon After Closing,6.4,19
False,/x2jNLrYw1s9i6kihEJqsBQgs9nR.jpg,[18],62650,['US'],en,Chicago Med,"An emotional thrill ride through the day-to-day chaos of the city's most explosive hospital and the courageous team of doctors who hold it together. They will tackle unique new cases inspired by topical events, forging fiery relationships in the pulse-pounding pandemonium of the emergency room.",64.592,/9eym662FRJJb9wdgCiDKPDciZzf.jpg,2015-11-17,False,Chicago Med,8.3,1254
False,/ydf1CeiBLfdxiyNTpskM0802TKl.jpg,"[16, 10765, 10759]",12971,['JP'],ja,ドラゴンボールゼット,"Now happily married and with a son, martial arts champion Goku must defend Earth from a series of extraterrestrial invaders bent on destruction.",68.9668,/yfyToia25GnvjY7FPAGaCm3lKRc.jpg,1989-04-26,False,Dragon Ball Z,8.369,4898
False,/8U2ndZrneigI2zkvGuTJtt1ZsxK.jpg,"[35, 18]",4586,['US'],en,Gilmore Girls,"Set in the charming town of Stars Hollow, Connecticut, the series follows the captivating lives of Lorelai and Rory Gilmore, a mother/daughter pair who have a relationship most people only dream of.",64.9079,/gwtzCwU2wdLLf8oejQu2TINiWfQ.jpg,2000-10-05,False,Gilmore Girls,7.89,1257
False,/5UNcEz7Lc3OGilpPn1Tb9cd1xsc.jpg,"[35, 10767]",1220,['GB'],en,The Graham Norton Show,Each week celebrity guests join Irish comedian Graham Norton to discuss what's being going on around the world that week. The guests poke fun and share their opinions on the main news stories. Graham is often joined by a band or artist to play the show out.,60.1999,/vrbqaBXB8AALynQzpWz6JdCPEJS.jpg,2007-02-22,False,The Graham Norton Show,7.214,280
False,/c2sl2dLlyFFeb18pJtOpBD8cidr.jpg,"[16, 18, 9648]",72517,['JP'],ja,ようこそ実力至上主義の教室へ,"Kiyotaka Ayanokouji enrolls at the prestigious Tokyo Koudo Ikusei Academy, but is assigned to Class 1-D, where students with behavioral problems are housed. The school awards points equivalent to 100,000 yen per month and allows unusual freedom in classes, masking a more complex system.",59.0371,/8BtSk9DGIlS24otIB3qCagVCI6W.jpg,2017-07-12,False,Classroom of the Elite,8.425,822
False,/8ZerYKvIaNUJZvAHXYTQu4qTwFw.jpg,"[10765, 10759, 18, 80]",48866,['US'],en,The 100,"100 years in the future, when the Earth has been abandoned due to radioactivity, the last surviving humans live on an ark orbiting the planet — but the ark won't last forever. So the repressive regime picks 100 expendable juvenile delinquents to send down to Earth to see if the planet is still habitable.",65.7947,/wcaDIAG1QdXQLRaj4vC1EFdBT2.jpg,2014-03-19,False,The 100,7.9,8660
False,/2meX1nMdScFOoV4370rqHWKmXhY.jpg,"[10759, 9648, 18]",93405,['KR'],ko,오징어 게임,"Hundreds of cash-strapped players accept a strange invitation to compete in children's games. Inside, a tempting prize awaits — with deadly high stakes.",61.4403,/1QdXdRYfktUSONkl1oD5gc6Be0s.jpg,2021-09-17,False,Squid Game,7.856,17487
False,/sSAX59Kf01lBRkBW4UcIL4kIoIm.jpg,"[35, 10763]",1667,['US'],en,Saturday Night Live,"A late-night live television sketch comedy and variety show created by Lorne Michaels. The show's comedy sketches, which parody contemporary culture and politics, are performed by a large and varying cast of repertory and newer cast members. Each episode is hosted by a celebrity guest, who usually delivers an opening monologue and performs in sketches with the cast, and features performances by a musical guest.",61.796,/s1cZBqbMwAF3w8S3Yo0j5nr2Yuo.jpg,1975-10-11,False,Saturday Night Live,6.917,504
False,/5C5cMYUlmX6BU5YxBqhp7ZpSd3Q.jpg,"[18, 80]",211288,['US'],en,Tracker,"Lone-wolf survivalist Colter Shaw roams the country as a “reward seeker,” using his expert tracking skills to help private citizens and law enforcement solve all manner of mysteries while contending with his own fractured family.",74.9593,/otula4h1ITZ0eV84eg7Lb8u614C.jpg,2024-02-11,False,Tracker,7.543,288
False,/kGxPVyra9Lvf5tPmTXnMEBpwOip.jpg,"[18, 10766]",45789,['DE'],de,Sturm der Liebe,"These are the stories of relationships taking place in the fictional five-star hotel Fürstenhof, located in Feldkirchen-Westerham near Rosenheim with the plot revolving around members of the family room area, the hotel owners, and employees.",65.2456,/jfFNydakwvbeACEwSd2Gh8UWtba.jpg,2005-09-26,False,Storm of Love,6.0,39
False,/6umsRLI7t0ydFwCl0JNEIO0q2LH.jpg,[18],91239,['US'],en,Bridgerton,"Wealth, lust, and betrayal set in the backdrop of Regency era England, seen through the eyes of the powerful Bridgerton family.",71.2259,/uXTg565ahu9RwonCX1V2Hex1NU6.jpg,2020-12-25,False,Bridgerton,8.062,3329
False,/1F2RnXLc0fmRt7iWfBK4mNVsjno.jpg,"[10765, 18, 35]",34524,['US'],en,Teen Wolf,"Scott McCall, a high school student living in the town of Beacon Hills has his life drastically changed when he's bitten by a werewolf, becoming one himself. He must henceforth learn to balance his problematic new identity with his day-to-day teenage life. The following characters are instrumental to his struggle: Stiles, his best friend; Allison, his love interest who comes from a family of werewolf hunters; and Derek, a mysterious werewolf with a dark past. Throughout the series, he strives to keep his loved ones safe while maintaining normal relationships with them.",68.2428,/8Ij1O2nU8exLgwPXU8Eo6PZdCDC.jpg,2011-06-05,False,Teen Wolf,8.449,4724
False,/h6qWlFERbEgvppyAsiPWqcYG0LR.jpg,"[10759, 35, 80]",1516,['US'],en,The A-Team,"A fictional group of ex-United States Army Special Forces personnel work as soldiers of fortune while on the run from the Army after being branded as war criminals for a ""crime they didn't commit.""",68.9496,/p2qWJJ7Wyaq2xvgIHuBw4zVNBij.jpg,1983-01-23,False,The A-Team,7.492,1071
